date,hydro_mwh,definition
2021-01-01,744498,WAT_and_PS
2021-01-02,757958,WAT_and_PS
2021-01-03,731548,WAT_and_PS
2021-01-04,817330,WAT_and_PS
2021-01-05,825874,WAT_and_PS
2021-01-06,858490,WAT_and_PS
2021-01-07,869688,WAT_and_PS
2021-01-08,871961,WAT_and_PS
2021-01-09,820823,WAT_and_PS
2021-01-10,768071,WAT_and_PS
2021-01-11,843133,WAT_and_PS
2021-01-12,821282,WAT_and_PS
2021-01-13,805736,WAT_and_PS
2021-01-14,822595,WAT_and_PS
2021-01-15,839688,WAT_and_PS
2021-01-16,789729,WAT_and_PS
2021-01-17,711144,WAT_and_PS
2021-01-18,798702,WAT_and_PS
2021-01-19,807770,WAT_and_PS
2021-01-20,781746,WAT_and_PS
2021-01-21,759663,WAT_and_PS
2021-01-22,759841,WAT_and_PS
2021-01-23,736747,WAT_and_PS
2021-01-24,764604,WAT_and_PS
2021-01-25,797436,WAT_and_PS
2021-01-26,806569,WAT_and_PS
2021-01-27,833261,WAT_and_PS
2021-01-28,866859,WAT_and_PS
2021-01-29,877336,WAT_and_PS
2021-01-30,775080,WAT_and_PS
2021-01-31,731541,WAT_and_PS
2021-02-01,786834,WAT_and_PS
2021-02-02,760752,WAT_and_PS
2021-02-03,779292,WAT_and_PS
2021-02-04,775723,WAT_and_PS
2021-02-05,707733,WAT_and_PS
2021-02-06,682954,WAT_and_PS
2021-02-07,689423,WAT_and_PS
2021-02-08,794014,WAT_and_PS
2021-02-09,752241,WAT_and_PS
2021-02-10,771621,WAT_and_PS
2021-02-11,804441,WAT_and_PS
2021-02-12,901144,WAT_and_PS
2021-02-13,833914,WAT_and_PS
2021-02-14,827299,WAT_and_PS
2021-02-15,895259,WAT_and_PS
2021-02-16,847810,WAT_and_PS
2021-02-17,858796,WAT_and_PS
2021-02-18,903465,WAT_and_PS
2021-02-19,843793,WAT_and_PS
2021-02-20,752852,WAT_and_PS
2021-02-21,714804,WAT_and_PS
2021-02-22,708894,WAT_and_PS
2021-02-23,700761,WAT_and_PS
2021-02-24,746540,WAT_and_PS
2021-02-25,723653,WAT_and_PS
2021-02-26,704139,WAT_and_PS
2021-02-27,644787,WAT_and_PS
2021-02-28,614942,WAT_and_PS
2021-03-01,724858,WAT_and_PS
2021-03-02,747592,WAT_and_PS
2021-03-03,740735,WAT_and_PS
2021-03-04,720985,WAT_and_PS
2021-03-05,720994,WAT_and_PS
2021-03-06,653432,WAT_and_PS
2021-03-07,640594,WAT_and_PS
2021-03-08,715539,WAT_and_PS
2021-03-09,703020,WAT_and_PS
2021-03-10,675842,WAT_and_PS
2021-03-11,698364,WAT_and_PS
2021-03-12,681739,WAT_and_PS
2021-03-13,632584,WAT_and_PS
2021-03-14,615429,WAT_and_PS
2021-03-15,709631,WAT_and_PS
2021-03-16,728591,WAT_and_PS
2021-03-17,725408,WAT_and_PS
2021-03-18,676038,WAT_and_PS
2021-03-19,710360,WAT_and_PS
2021-03-20,638848,WAT_and_PS
2021-03-21,662650,WAT_and_PS
2021-03-22,730471,WAT_and_PS
2021-03-23,724532,WAT_and_PS
2021-03-24,717848,WAT_and_PS
2021-03-25,722711,WAT_and_PS
2021-03-26,739565,WAT_and_PS
2021-03-27,686159,WAT_and_PS
2021-03-28,665445,WAT_and_PS
2021-03-29,754423,WAT_and_PS
2021-03-30,792453,WAT_and_PS
2021-03-31,762921,WAT_and_PS
2021-04-01,777879,WAT_and_PS
2021-04-02,769813,WAT_and_PS
2021-04-03,728375,WAT_and_PS
2021-04-04,693703,WAT_and_PS
2021-04-05,762970,WAT_and_PS
2021-04-06,745290,WAT_and_PS
2021-04-07,726949,WAT_and_PS
2021-04-08,726428,WAT_and_PS
2021-04-09,749445,WAT_and_PS
2021-04-10,665903,WAT_and_PS
2021-04-11,699071,WAT_and_PS
2021-04-12,736461,WAT_and_PS
2021-04-13,687800,WAT_and_PS
2021-04-14,699608,WAT_and_PS
2021-04-15,710929,WAT_and_PS
2021-04-16,683657,WAT_and_PS
2021-04-17,628263,WAT_and_PS
2021-04-18,593924,WAT_and_PS
2021-04-19,655420,WAT_and_PS
2021-04-20,658217,WAT_and_PS
2021-04-21,687146,WAT_and_PS
2021-04-22,633334,WAT_and_PS
2021-04-23,643029,WAT_and_PS
2021-04-24,616175,WAT_and_PS
2021-04-25,607176,WAT_and_PS
2021-04-26,644461,WAT_and_PS
2021-04-27,634647,WAT_and_PS
2021-04-28,664151,WAT_and_PS
2021-04-29,682525,WAT_and_PS
2021-04-30,639896,WAT_and_PS
2021-05-01,603640,WAT_and_PS
2021-05-02,632439,WAT_and_PS
2021-05-03,728440,WAT_and_PS
2021-05-04,801848,WAT_and_PS
2021-05-05,807160,WAT_and_PS
2021-05-06,801086,WAT_and_PS
2021-05-07,789292,WAT_and_PS
2021-05-08,758772,WAT_and_PS
2021-05-09,768841,WAT_and_PS
2021-05-10,831329,WAT_and_PS
2021-05-11,810700,WAT_and_PS
2021-05-12,808898,WAT_and_PS
2021-05-13,807195,WAT_and_PS
2021-05-14,786051,WAT_and_PS
2021-05-15,705079,WAT_and_PS
2021-05-16,672527,WAT_and_PS
2021-05-17,694652,WAT_and_PS
2021-05-18,710199,WAT_and_PS
2021-05-19,739416,WAT_and_PS
2021-05-20,738160,WAT_and_PS
2021-05-21,755679,WAT_and_PS
2021-05-22,728049,WAT_and_PS
2021-05-23,669101,WAT_and_PS
2021-05-24,717352,WAT_and_PS
2021-05-25,729312,WAT_and_PS
2021-05-26,746816,WAT_and_PS
2021-05-27,724867,WAT_and_PS
2021-05-28,724244,WAT_and_PS
2021-05-29,680451,WAT_and_PS
2021-05-30,673490,WAT_and_PS
2021-05-31,710244,WAT_and_PS
2021-06-01,783438,WAT_and_PS
2021-06-02,798009,WAT_and_PS
2021-06-03,790395,WAT_and_PS
2021-06-04,826186,WAT_and_PS
2021-06-05,768465,WAT_and_PS
2021-06-06,752581,WAT_and_PS
2021-06-07,818347,WAT_and_PS
2021-06-08,812561,WAT_and_PS
2021-06-09,816040,WAT_and_PS
2021-06-10,799642,WAT_and_PS
2021-06-11,799234,WAT_and_PS
2021-06-12,771401,WAT_and_PS
2021-06-13,702544,WAT_and_PS
2021-06-14,766378,WAT_and_PS
2021-06-15,748970,WAT_and_PS
2021-06-16,747883,WAT_and_PS
2021-06-17,781639,WAT_and_PS
2021-06-18,815749,WAT_and_PS
2021-06-19,744607,WAT_and_PS
2021-06-20,732227,WAT_and_PS
2021-06-21,819699,WAT_and_PS
2021-06-22,767546,WAT_and_PS
2021-06-23,762631,WAT_and_PS
2021-06-24,772085,WAT_and_PS
2021-06-25,789955,WAT_and_PS
2021-06-26,753857,WAT_and_PS
2021-06-27,756665,WAT_and_PS
2021-06-28,837154,WAT_and_PS
2021-06-29,834580,WAT_and_PS
2021-06-30,803980,WAT_and_PS
2024-01-01,658520,WAT_ex_PS
2024-01-02,704847,WAT_ex_PS
2024-01-03,706654,WAT_ex_PS
2024-01-04,675007,WAT_ex_PS
2024-01-05,681268,WAT_ex_PS
2024-01-06,583940,WAT_ex_PS
2024-01-07,559219,WAT_ex_PS
2024-01-08,688871,WAT_ex_PS
2024-01-09,663065,WAT_ex_PS
2024-01-10,672896,WAT_ex_PS
2024-01-11,687980,WAT_ex_PS
2024-01-12,729912,WAT_ex_PS
2024-01-13,755526,WAT_ex_PS
2024-01-14,785747,WAT_ex_PS
2024-01-15,823493,WAT_ex_PS
2024-01-16,841612,WAT_ex_PS
2024-01-17,786511,WAT_ex_PS
2024-01-18,707616,WAT_ex_PS
2024-01-19,674867,WAT_ex_PS
2024-01-20,719575,WAT_ex_PS
2024-01-21,680703,WAT_ex_PS
2024-01-22,719605,WAT_ex_PS
2024-01-23,688453,WAT_ex_PS
2024-01-24,674801,WAT_ex_PS
2024-01-25,688660,WAT_ex_PS
2024-01-26,681350,WAT_ex_PS
2024-01-27,656364,WAT_ex_PS
2024-01-28,643548,WAT_ex_PS
2024-01-29,754822,WAT_ex_PS
2024-01-30,792745,WAT_ex_PS
2024-01-31,792551,WAT_ex_PS
2024-02-01,785128,WAT_ex_PS
2024-02-02,792545,WAT_ex_PS
2024-02-03,717501,WAT_ex_PS
2024-02-04,739683,WAT_ex_PS
2024-02-05,768480,WAT_ex_PS
2024-02-06,763226,WAT_ex_PS
2024-02-07,739136,WAT_ex_PS
2024-02-08,734676,WAT_ex_PS
2024-02-09,734923,WAT_ex_PS
2024-02-10,653502,WAT_ex_PS
2024-02-11,636747,WAT_ex_PS
2024-02-12,735627,WAT_ex_PS
2024-02-13,765458,WAT_ex_PS
2024-02-14,800574,WAT_ex_PS
2024-02-15,790753,WAT_ex_PS
2024-02-16,793563,WAT_ex_PS
2024-02-17,736867,WAT_ex_PS
2024-02-18,697236,WAT_ex_PS
2024-02-19,756102,WAT_ex_PS
2024-02-20,743782,WAT_ex_PS
2024-02-21,744719,WAT_ex_PS
2024-02-22,723375,WAT_ex_PS
2024-02-23,723580,WAT_ex_PS
2024-02-24,661911,WAT_ex_PS
2024-02-25,674629,WAT_ex_PS
2024-02-26,715216,WAT_ex_PS
2024-02-27,724094,WAT_ex_PS
2024-02-28,706743,WAT_ex_PS
2024-02-29,765909,WAT_ex_PS
2024-03-01,755558,WAT_ex_PS
2024-03-02,692877,WAT_ex_PS
2024-03-03,717430,WAT_ex_PS
2024-03-04,745298,WAT_ex_PS
2024-03-05,736628,WAT_ex_PS
2024-03-06,788565,WAT_ex_PS
2024-03-07,781626,WAT_ex_PS
2024-03-08,783235,WAT_ex_PS
2024-03-09,728142,WAT_ex_PS
2024-03-10,639454,WAT_ex_PS
2024-03-11,820476,WAT_ex_PS
2024-03-12,781516,WAT_ex_PS
2024-03-13,799420,WAT_ex_PS
2024-03-14,830728,WAT_ex_PS
2024-03-15,812100,WAT_ex_PS
2024-03-16,743557,WAT_ex_PS
2024-03-17,717170,WAT_ex_PS
2024-03-18,783776,WAT_ex_PS
2024-03-19,778847,WAT_ex_PS
2024-03-20,740382,WAT_ex_PS
2024-03-21,764736,WAT_ex_PS
2024-03-22,822208,WAT_ex_PS
2024-03-23,755729,WAT_ex_PS
2024-03-24,712374,WAT_ex_PS
2024-03-25,756467,WAT_ex_PS
2024-03-26,747061,WAT_ex_PS
2024-03-27,836408,WAT_ex_PS
2024-03-28,801079,WAT_ex_PS
2024-03-29,780455,WAT_ex_PS
2024-03-30,745129,WAT_ex_PS
2024-03-31,699732,WAT_ex_PS
2024-04-01,724103,WAT_ex_PS
2024-04-02,688178,WAT_ex_PS
2024-04-03,710238,WAT_ex_PS
2024-04-04,741385,WAT_ex_PS
2024-04-05,690272,WAT_ex_PS
2024-04-06,637878,WAT_ex_PS
2024-04-07,638723,WAT_ex_PS
2024-04-08,722144,WAT_ex_PS
2024-04-09,694611,WAT_ex_PS
2024-04-10,750781,WAT_ex_PS
2024-04-11,752260,WAT_ex_PS
2024-04-12,716478,WAT_ex_PS
2024-04-13,689355,WAT_ex_PS
2024-04-14,661942,WAT_ex_PS
2024-04-15,669876,WAT_ex_PS
2024-04-16,699453,WAT_ex_PS
2024-04-17,741934,WAT_ex_PS
2024-04-18,742556,WAT_ex_PS
2024-04-19,745566,WAT_ex_PS
2024-04-20,689937,WAT_ex_PS
2024-04-21,689261,WAT_ex_PS
2024-04-22,751479,WAT_ex_PS
2024-04-23,739357,WAT_ex_PS
2024-04-24,719110,WAT_ex_PS
2024-04-25,705552,WAT_ex_PS
2024-04-26,703920,WAT_ex_PS
2024-04-27,622552,WAT_ex_PS
2024-04-28,637258,WAT_ex_PS
2024-04-29,707509,WAT_ex_PS
2024-04-30,714236,WAT_ex_PS
2024-05-01,691644,WAT_ex_PS
2024-05-02,716503,WAT_ex_PS
2024-05-03,710508,WAT_ex_PS
2024-05-04,705232,WAT_ex_PS
2024-05-05,644689,WAT_ex_PS
2024-05-06,711601,WAT_ex_PS
2024-05-07,750188,WAT_ex_PS
2024-05-08,797244,WAT_ex_PS
2024-05-09,802984,WAT_ex_PS
2024-05-10,849477,WAT_ex_PS
2024-05-11,832154,WAT_ex_PS
2024-05-12,815166,WAT_ex_PS
2024-05-13,853865,WAT_ex_PS
2024-05-14,894174,WAT_ex_PS
2024-05-15,900270,WAT_ex_PS
2024-05-16,862314,WAT_ex_PS
2024-05-17,864900,WAT_ex_PS
2024-05-18,860022,WAT_ex_PS
2024-05-19,805033,WAT_ex_PS
2024-05-20,886117,WAT_ex_PS
2024-05-21,878777,WAT_ex_PS
2024-05-22,840381,WAT_ex_PS
2024-05-23,879117,WAT_ex_PS
2024-05-24,843691,WAT_ex_PS
2024-05-25,762075,WAT_ex_PS
2024-05-26,776333,WAT_ex_PS
2024-05-27,872092,WAT_ex_PS
2024-05-28,877033,WAT_ex_PS
2024-05-29,837989,WAT_ex_PS
2024-05-30,861733,WAT_ex_PS
2024-05-31,878063,WAT_ex_PS
2024-06-01,751819,WAT_ex_PS
2024-06-02,754928,WAT_ex_PS
2024-06-03,834555,WAT_ex_PS
2024-06-04,860424,WAT_ex_PS
2024-06-05,913230,WAT_ex_PS
2024-06-06,916490,WAT_ex_PS
2024-06-07,884125,WAT_ex_PS
2024-06-08,814050,WAT_ex_PS
2024-06-09,788474,WAT_ex_PS
2024-06-10,844323,WAT_ex_PS
2024-06-11,840786,WAT_ex_PS
2024-06-12,830585,WAT_ex_PS
2024-06-13,838446,WAT_ex_PS
2024-06-14,830098,WAT_ex_PS
2024-06-15,729686,WAT_ex_PS
2024-06-16,734836,WAT_ex_PS
2024-06-17,796647,WAT_ex_PS
2024-06-18,787441,WAT_ex_PS
2024-06-19,749632,WAT_ex_PS
2024-06-20,788808,WAT_ex_PS
2024-06-21,811668,WAT_ex_PS
2024-06-22,744813,WAT_ex_PS
2024-06-23,704567,WAT_ex_PS
2024-06-24,766817,WAT_ex_PS
2024-06-25,768907,WAT_ex_PS
2024-06-26,763998,WAT_ex_PS
2024-06-27,709225,WAT_ex_PS
2024-06-28,745808,WAT_ex_PS
2024-06-29,724414,WAT_ex_PS
2024-06-30,701696,WAT_ex_PS
2024-07-01,714681,WAT_ex_PS
2024-07-02,752728,WAT_ex_PS
2024-07-03,788710,WAT_ex_PS
2024-07-04,764414,WAT_ex_PS
2024-07-05,760858,WAT_ex_PS
2024-07-06,737827,WAT_ex_PS
2024-07-07,706492,WAT_ex_PS
2024-07-08,776358,WAT_ex_PS
2024-07-09,787970,WAT_ex_PS
2024-07-10,755326,WAT_ex_PS
2024-07-11,772183,WAT_ex_PS
2024-07-12,750788,WAT_ex_PS
2024-07-13,711010,WAT_ex_PS
2024-07-14,701083,WAT_ex_PS
2024-07-15,769034,WAT_ex_PS
2024-07-16,810706,WAT_ex_PS
2024-07-17,776316,WAT_ex_PS
2024-07-18,748250,WAT_ex_PS
2024-07-19,709332,WAT_ex_PS
2024-07-20,685765,WAT_ex_PS
2024-07-21,664475,WAT_ex_PS
2024-07-22,721058,WAT_ex_PS
2024-07-23,742847,WAT_ex_PS
2024-07-24,724224,WAT_ex_PS
2024-07-25,746550,WAT_ex_PS
2024-07-26,743377,WAT_ex_PS
2024-07-27,697375,WAT_ex_PS
2024-07-28,634514,WAT_ex_PS
2024-07-29,695501,WAT_ex_PS
2024-07-30,697296,WAT_ex_PS
2024-07-31,706631,WAT_ex_PS
2024-08-01,761287,WAT_ex_PS
2024-08-02,782832,WAT_ex_PS
2024-08-03,712683,WAT_ex_PS
2024-08-04,657870,WAT_ex_PS
2024-08-05,738810,WAT_ex_PS
2024-08-06,728547,WAT_ex_PS
2024-08-07,742462,WAT_ex_PS
2024-08-08,754256,WAT_ex_PS
2024-08-09,750370,WAT_ex_PS
2024-08-10,696436,WAT_ex_PS
2024-08-11,685254,WAT_ex_PS
2024-08-12,740797,WAT_ex_PS
2024-08-13,742095,WAT_ex_PS
2024-08-14,764447,WAT_ex_PS
2024-08-15,769139,WAT_ex_PS
2024-08-16,734601,WAT_ex_PS
2024-08-17,682356,WAT_ex_PS
2024-08-18,658132,WAT_ex_PS
2024-08-19,715373,WAT_ex_PS
2024-08-20,714296,WAT_ex_PS
2024-08-21,680218,WAT_ex_PS
2024-08-22,697085,WAT_ex_PS
2024-08-23,650009,WAT_ex_PS
2024-08-24,616270,WAT_ex_PS
2024-08-25,622953,WAT_ex_PS
2024-08-26,686322,WAT_ex_PS
2024-08-27,674869,WAT_ex_PS
2024-08-28,693563,WAT_ex_PS
2024-08-29,679873,WAT_ex_PS
2024-08-30,648384,WAT_ex_PS
2024-08-31,644385,WAT_ex_PS
2024-09-01,605975,WAT_ex_PS
2024-09-02,596644,WAT_ex_PS
2024-09-03,598198,WAT_ex_PS
2024-09-04,598526,WAT_ex_PS
2024-09-05,639905,WAT_ex_PS
2024-09-06,649510,WAT_ex_PS
2024-09-07,584100,WAT_ex_PS
2024-09-08,527064,WAT_ex_PS
2024-09-09,590966,WAT_ex_PS
2024-09-10,587626,WAT_ex_PS
2024-09-11,564987,WAT_ex_PS
2024-09-12,551971,WAT_ex_PS
2024-09-13,598094,WAT_ex_PS
2024-09-14,528359,WAT_ex_PS
2024-09-15,517816,WAT_ex_PS
2024-09-16,558454,WAT_ex_PS
2024-09-17,509785,WAT_ex_PS
2024-09-18,538765,WAT_ex_PS
2024-09-19,557229,WAT_ex_PS
2024-09-20,537247,WAT_ex_PS
2024-09-21,486432,WAT_ex_PS
2024-09-22,468857,WAT_ex_PS
2024-09-23,539397,WAT_ex_PS
2024-09-24,564452,WAT_ex_PS
2024-09-25,565126,WAT_ex_PS
2024-09-26,593123,WAT_ex_PS
2024-09-27,565623,WAT_ex_PS
2024-09-28,555009,WAT_ex_PS
2024-09-29,558455,WAT_ex_PS
2024-09-30,641780,WAT_ex_PS
2024-10-01,619197,WAT_ex_PS
2024-10-02,598041,WAT_ex_PS
2024-10-03,610819,WAT_ex_PS
2024-10-04,565405,WAT_ex_PS
2024-10-05,530344,WAT_ex_PS
2024-10-06,520957,WAT_ex_PS
2024-10-07,578154,WAT_ex_PS
2024-10-08,536745,WAT_ex_PS
2024-10-09,488676,WAT_ex_PS
2024-10-10,548659,WAT_ex_PS
2024-10-11,521297,WAT_ex_PS
2024-10-12,485816,WAT_ex_PS
2024-10-13,483139,WAT_ex_PS
2024-10-14,519973,WAT_ex_PS
2024-10-15,501347,WAT_ex_PS
2024-10-16,483111,WAT_ex_PS
2024-10-17,480111,WAT_ex_PS
2024-10-18,510564,WAT_ex_PS
2024-10-19,435957,WAT_ex_PS
2024-10-20,431517,WAT_ex_PS
2024-10-21,471030,WAT_ex_PS
2024-10-22,497357,WAT_ex_PS
2024-10-23,510959,WAT_ex_PS
2024-10-24,500124,WAT_ex_PS
2024-10-25,503918,WAT_ex_PS
2024-10-26,428974,WAT_ex_PS
2024-10-27,423730,WAT_ex_PS
2024-10-28,461065,WAT_ex_PS
2024-10-29,473889,WAT_ex_PS
2024-10-30,497137,WAT_ex_PS
2024-10-31,544793,WAT_ex_PS
2024-11-01,552814,WAT_ex_PS
2024-11-02,474864,WAT_ex_PS
2024-11-03,462908,WAT_ex_PS
2024-11-04,551810,WAT_ex_PS
2024-11-05,553169,WAT_ex_PS
2024-11-06,557424,WAT_ex_PS
2024-11-07,589220,WAT_ex_PS
2024-11-08,567188,WAT_ex_PS
2024-11-09,543192,WAT_ex_PS
2024-11-10,536462,WAT_ex_PS
2024-11-11,548499,WAT_ex_PS
2024-11-12,547167,WAT_ex_PS
2024-11-13,589008,WAT_ex_PS
2024-11-14,584550,WAT_ex_PS
2024-11-15,559062,WAT_ex_PS
2024-11-16,527875,WAT_ex_PS
2024-11-17,490593,WAT_ex_PS
2024-11-18,566363,WAT_ex_PS
2024-11-19,591189,WAT_ex_PS
2024-11-20,572363,WAT_ex_PS
2024-11-21,589248,WAT_ex_PS
2024-11-22,613404,WAT_ex_PS
2024-11-23,517917,WAT_ex_PS
2024-11-24,529728,WAT_ex_PS
2024-11-25,600606,WAT_ex_PS
2024-11-26,579130,WAT_ex_PS
2024-11-27,610301,WAT_ex_PS
2024-11-28,549841,WAT_ex_PS
2024-11-29,584614,WAT_ex_PS
2024-11-30,568846,WAT_ex_PS
2024-12-01,563275,WAT_ex_PS
2024-12-02,637867,WAT_ex_PS
2024-12-03,653171,WAT_ex_PS
2024-12-04,617871,WAT_ex_PS
2024-12-05,566449,WAT_ex_PS
2024-12-06,619701,WAT_ex_PS
2024-12-07,552326,WAT_ex_PS
2024-12-08,500486,WAT_ex_PS
2024-12-09,589492,WAT_ex_PS
2024-12-10,598537,WAT_ex_PS
2024-12-11,626219,WAT_ex_PS
2024-12-12,681765,WAT_ex_PS
2024-12-13,664796,WAT_ex_PS
2024-12-14,607300,WAT_ex_PS
2024-12-15,600174,WAT_ex_PS
2024-12-16,655355,WAT_ex_PS
2024-12-17,631287,WAT_ex_PS
2024-12-18,650013,WAT_ex_PS
2024-12-19,674060,WAT_ex_PS
2024-12-20,664121,WAT_ex_PS
2024-12-21,632405,WAT_ex_PS
2024-12-22,641399,WAT_ex_PS
2024-12-23,688773,WAT_ex_PS
2024-12-24,614784,WAT_ex_PS
2024-12-25,580358,WAT_ex_PS
2024-12-26,643572,WAT_ex_PS
2024-12-27,674913,WAT_ex_PS
2024-12-28,610327,WAT_ex_PS
2024-12-29,620677,WAT_ex_PS
2024-12-30,701118,WAT_ex_PS
2024-12-31,746852,WAT_ex_PS
2025-01-01,718384,WAT_ex_PS
2025-01-02,767616,WAT_ex_PS
2025-01-03,728290,WAT_ex_PS
2025-01-04,669234,WAT_ex_PS
2025-01-05,639995,WAT_ex_PS
2025-01-06,732563,WAT_ex_PS
2025-01-07,745252,WAT_ex_PS
2025-01-08,730683,WAT_ex_PS
2025-01-09,715084,WAT_ex_PS
2025-01-10,703411,WAT_ex_PS
2025-01-11,626984,WAT_ex_PS
2025-01-12,656547,WAT_ex_PS
2025-01-13,696029,WAT_ex_PS
2025-01-14,708473,WAT_ex_PS
2025-01-15,683694,WAT_ex_PS
2025-01-16,648146,WAT_ex_PS
2025-01-17,632566,WAT_ex_PS
2025-01-18,601882,WAT_ex_PS
2025-01-19,633424,WAT_ex_PS
2025-01-20,762505,WAT_ex_PS
2025-01-21,792574,WAT_ex_PS
2025-01-22,748081,WAT_ex_PS
2025-01-23,685716,WAT_ex_PS
2025-01-24,635808,WAT_ex_PS
2025-01-25,593062,WAT_ex_PS
2025-01-26,549027,WAT_ex_PS
2025-01-27,621430,WAT_ex_PS
2025-01-28,622997,WAT_ex_PS
2025-01-29,612996,WAT_ex_PS
2025-01-30,642283,WAT_ex_PS
2025-01-31,590445,WAT_ex_PS
2025-02-01,533802,WAT_ex_PS
2025-02-02,551821,WAT_ex_PS
2025-02-03,628302,WAT_ex_PS
2025-02-04,609234,WAT_ex_PS
2025-02-05,656173,WAT_ex_PS
2025-02-06,640041,WAT_ex_PS
2025-02-07,660792,WAT_ex_PS
2025-02-08,657116,WAT_ex_PS
2025-02-09,648001,WAT_ex_PS
2025-02-10,729578,WAT_ex_PS
2025-02-11,751897,WAT_ex_PS
2025-02-12,750343,WAT_ex_PS
2025-02-13,769559,WAT_ex_PS
2025-02-14,722012,WAT_ex_PS
2025-02-15,689483,WAT_ex_PS
2025-02-16,621560,WAT_ex_PS
2025-02-17,710885,WAT_ex_PS
2025-02-18,729055,WAT_ex_PS
2025-02-19,722601,WAT_ex_PS
2025-02-20,745907,WAT_ex_PS
2025-02-21,724584,WAT_ex_PS
2025-02-22,703290,WAT_ex_PS
2025-02-23,696113,WAT_ex_PS
2025-02-24,733639,WAT_ex_PS
2025-02-25,716187,WAT_ex_PS
2025-02-26,722333,WAT_ex_PS
2025-02-27,722465,WAT_ex_PS
2025-02-28,733928,WAT_ex_PS
2025-03-01,676733,WAT_ex_PS
2025-03-02,702592,WAT_ex_PS
2025-03-03,729215,WAT_ex_PS
2025-03-04,721522,WAT_ex_PS
2025-03-05,727291,WAT_ex_PS
2025-03-06,746762,WAT_ex_PS
2025-03-07,743606,WAT_ex_PS
2025-03-08,611892,WAT_ex_PS
2025-03-09,643714,WAT_ex_PS
2025-03-10,744813,WAT_ex_PS
2025-03-11,717035,WAT_ex_PS
2025-03-12,733130,WAT_ex_PS
2025-03-13,713308,WAT_ex_PS
2025-03-14,743528,WAT_ex_PS
2025-03-15,675628,WAT_ex_PS
2025-03-16,700199,WAT_ex_PS
2025-03-17,745557,WAT_ex_PS
2025-03-18,733837,WAT_ex_PS
2025-03-19,750629,WAT_ex_PS
2025-03-20,738414,WAT_ex_PS
2025-03-21,742585,WAT_ex_PS
2025-03-22,690589,WAT_ex_PS
2025-03-23,682121,WAT_ex_PS
2025-03-24,716098,WAT_ex_PS
2025-03-25,754035,WAT_ex_PS
2025-03-26,766725,WAT_ex_PS
2025-03-27,781346,WAT_ex_PS
2025-03-28,833990,WAT_ex_PS
2025-03-29,801407,WAT_ex_PS
2025-03-30,816110,WAT_ex_PS
2025-03-31,868296,WAT_ex_PS
2025-04-01,856157,WAT_ex_PS
2025-04-02,784171,WAT_ex_PS
2025-04-03,753728,WAT_ex_PS
2025-04-04,754568,WAT_ex_PS
2025-04-05,686615,WAT_ex_PS
2025-04-06,720388,WAT_ex_PS
2025-04-07,782682,WAT_ex_PS
2025-04-08,814073,WAT_ex_PS
2025-04-09,849963,WAT_ex_PS
2025-04-10,848010,WAT_ex_PS
2025-04-11,860223,WAT_ex_PS
2025-04-12,795632,WAT_ex_PS
2025-04-13,812681,WAT_ex_PS
2025-04-14,847547,WAT_ex_PS
2025-04-15,805343,WAT_ex_PS
2025-04-16,790924,WAT_ex_PS
2025-04-17,824305,WAT_ex_PS
2025-04-18,799731,WAT_ex_PS
2025-04-19,721658,WAT_ex_PS
2025-04-20,723323,WAT_ex_PS
2025-04-21,766424,WAT_ex_PS
2025-04-22,791222,WAT_ex_PS
2025-04-23,793231,WAT_ex_PS
2025-04-24,800969,WAT_ex_PS
2025-04-25,794337,WAT_ex_PS
2025-04-26,728003,WAT_ex_PS
2025-04-27,692221,WAT_ex_PS
2025-04-28,743180,WAT_ex_PS
2025-04-29,728571,WAT_ex_PS
2025-04-30,793416,WAT_ex_PS
2025-05-01,810280,WAT_ex_PS
2025-05-02,793606,WAT_ex_PS
2025-05-03,728606,WAT_ex_PS
2025-05-04,747949,WAT_ex_PS
2025-05-05,826506,WAT_ex_PS
2025-05-06,850483,WAT_ex_PS
2025-05-07,822732,WAT_ex_PS
2025-05-08,851934,WAT_ex_PS
2025-05-09,880531,WAT_ex_PS
2025-05-10,803159,WAT_ex_PS
2025-05-11,812348,WAT_ex_PS
2025-05-12,871649,WAT_ex_PS
2025-05-13,847629,WAT_ex_PS
2025-05-14,838221,WAT_ex_PS
2025-05-15,873505,WAT_ex_PS
2025-05-16,894454,WAT_ex_PS
2025-05-17,810022,WAT_ex_PS
2025-05-18,757431,WAT_ex_PS
2025-05-19,851301,WAT_ex_PS
2025-05-20,844541,WAT_ex_PS
2025-05-21,861095,WAT_ex_PS
2025-05-22,864374,WAT_ex_PS
2025-05-23,854154,WAT_ex_PS
2025-05-24,789758,WAT_ex_PS
2025-05-25,753454,WAT_ex_PS
2025-05-26,767411,WAT_ex_PS
2025-05-27,873798,WAT_ex_PS
2025-05-28,880995,WAT_ex_PS
2025-05-29,846612,WAT_ex_PS
2025-05-30,901558,WAT_ex_PS
2025-05-31,850329,WAT_ex_PS
2025-06-01,851307,WAT_ex_PS
2025-06-02,881579,WAT_ex_PS
2025-06-03,855722,WAT_ex_PS
2025-06-04,834911,WAT_ex_PS
2025-06-05,842308,WAT_ex_PS
2025-06-06,825629,WAT_ex_PS
2025-06-07,782438,WAT_ex_PS
2025-06-08,759494,WAT_ex_PS
2025-06-09,803616,WAT_ex_PS
2025-06-10,798699,WAT_ex_PS
2025-06-11,781796,WAT_ex_PS
2025-06-12,772973,WAT_ex_PS
2025-06-13,805650,WAT_ex_PS
2025-06-14,772993,WAT_ex_PS
2025-06-15,765323,WAT_ex_PS
2025-06-16,809237,WAT_ex_PS
2025-06-17,817872,WAT_ex_PS
2025-06-18,812082,WAT_ex_PS
2025-06-19,805489,WAT_ex_PS
2025-06-20,750871,WAT_ex_PS
2025-06-21,698990,WAT_ex_PS
2025-06-22,724992,WAT_ex_PS
2025-06-23,816979,WAT_ex_PS
2025-06-24,809075,WAT_ex_PS
2025-06-25,777775,WAT_ex_PS
2025-06-26,761339,WAT_ex_PS
2025-06-27,729026,WAT_ex_PS
2025-06-28,688325,WAT_ex_PS
2025-06-29,704963,WAT_ex_PS
2025-06-30,763467,WAT_ex_PS
2025-07-01,777737,WAT_ex_PS
2025-07-02,776955,WAT_ex_PS
2025-07-03,760210,WAT_ex_PS
2025-07-04,649198,WAT_ex_PS
2025-07-05,642993,WAT_ex_PS
2025-07-06,656348,WAT_ex_PS
2025-07-07,710391,WAT_ex_PS
2025-07-08,688535,WAT_ex_PS
2025-07-09,657197,WAT_ex_PS
2025-07-10,664193,WAT_ex_PS
2025-07-11,667625,WAT_ex_PS
2025-07-12,656990,WAT_ex_PS
2025-07-13,680834,WAT_ex_PS
2025-07-14,702400,WAT_ex_PS
2025-07-15,733520,WAT_ex_PS
2025-07-16,746743,WAT_ex_PS
2025-07-17,758454,WAT_ex_PS
2025-07-18,732072,WAT_ex_PS
2025-07-19,645008,WAT_ex_PS
2025-07-20,643722,WAT_ex_PS
2025-07-21,696949,WAT_ex_PS
2025-07-22,688370,WAT_ex_PS
2025-07-23,706645,WAT_ex_PS
2025-07-24,647549,WAT_ex_PS
2025-07-25,694789,WAT_ex_PS
2025-07-26,630036,WAT_ex_PS
2025-07-27,596488,WAT_ex_PS
2025-07-28,689334,WAT_ex_PS
2025-07-29,704057,WAT_ex_PS
2025-07-30,714773,WAT_ex_PS
2025-07-31,668775,WAT_ex_PS
2025-08-01,658596,WAT_ex_PS
2025-08-02,616053,WAT_ex_PS
2025-08-03,625053,WAT_ex_PS
2025-08-04,658458,WAT_ex_PS
2025-08-05,667491,WAT_ex_PS
2025-08-06,699519,WAT_ex_PS
2025-08-07,709759,WAT_ex_PS
2025-08-08,726889,WAT_ex_PS
2025-08-09,678920,WAT_ex_PS
2025-08-10,644307,WAT_ex_PS
2025-08-11,720225,WAT_ex_PS
2025-08-12,732385,WAT_ex_PS
2025-08-13,692951,WAT_ex_PS
2025-08-14,670590,WAT_ex_PS
2025-08-15,673241,WAT_ex_PS
2025-08-16,627730,WAT_ex_PS
2025-08-17,623015,WAT_ex_PS
2025-08-18,651837,WAT_ex_PS
2025-08-19,636978,WAT_ex_PS
2025-08-20,621486,WAT_ex_PS
2025-08-21,655783,WAT_ex_PS
2025-08-22,679020,WAT_ex_PS
2025-08-23,626632,WAT_ex_PS
2025-08-24,603189,WAT_ex_PS
2025-08-25,648299,WAT_ex_PS
2025-08-26,649846,WAT_ex_PS
2025-08-27,634046,WAT_ex_PS
2025-08-28,641369,WAT_ex_PS
2025-08-29,636757,WAT_ex_PS
2025-08-30,571429,WAT_ex_PS
2025-08-31,576073,WAT_ex_PS
2025-09-01,592113,WAT_ex_PS
2025-09-02,599617,WAT_ex_PS
2025-09-03,558967,WAT_ex_PS
2025-09-04,546281,WAT_ex_PS
2025-09-05,541285,WAT_ex_PS
2025-09-06,494135,WAT_ex_PS
2025-09-07,473834,WAT_ex_PS
2025-09-08,523489,WAT_ex_PS
2025-09-09,509596,WAT_ex_PS
2025-09-10,512290,WAT_ex_PS
2025-09-11,507056,WAT_ex_PS
2025-09-12,523983,WAT_ex_PS
2025-09-13,480144,WAT_ex_PS
2025-09-14,455148,WAT_ex_PS
2025-09-15,527642,WAT_ex_PS
2025-09-16,552075,WAT_ex_PS
2025-09-17,580141,WAT_ex_PS
2025-09-18,595518,WAT_ex_PS
2025-09-19,593045,WAT_ex_PS
2025-09-20,491592,WAT_ex_PS
2025-09-21,441684,WAT_ex_PS
2025-09-22,514941,WAT_ex_PS
2025-09-23,533550,WAT_ex_PS
2025-09-24,524321,WAT_ex_PS
2025-09-25,503002,WAT_ex_PS
2025-09-26,511682,WAT_ex_PS
2025-09-27,481250,WAT_ex_PS
2025-09-28,460619,WAT_ex_PS
2025-09-29,512066,WAT_ex_PS
2025-09-30,493769,WAT_ex_PS
2025-10-01,499650,WAT_ex_PS
2025-10-02,517341,WAT_ex_PS
2025-10-03,485984,WAT_ex_PS
2025-10-04,427451,WAT_ex_PS
2025-10-05,441298,WAT_ex_PS
2025-10-06,531721,WAT_ex_PS
2025-10-07,537058,WAT_ex_PS
2025-10-08,537460,WAT_ex_PS
2025-10-09,548781,WAT_ex_PS
2025-10-10,533712,WAT_ex_PS
2025-10-11,441723,WAT_ex_PS
2025-10-12,467002,WAT_ex_PS
2025-10-13,524760,WAT_ex_PS
2025-10-14,525466,WAT_ex_PS
2025-10-15,486672,WAT_ex_PS
2025-10-16,479959,WAT_ex_PS
2025-10-17,444137,WAT_ex_PS
2025-10-18,451227,WAT_ex_PS
2025-10-19,398093,WAT_ex_PS
2025-10-20,464042,WAT_ex_PS
2025-10-21,502353,WAT_ex_PS
2025-10-22,499785,WAT_ex_PS
2025-10-23,503915,WAT_ex_PS
2025-10-24,514878,WAT_ex_PS
2025-10-25,458228,WAT_ex_PS
2025-10-26,431242,WAT_ex_PS
2025-10-27,501274,WAT_ex_PS
2025-10-28,524625,WAT_ex_PS
2025-10-29,503645,WAT_ex_PS
2025-10-30,537798,WAT_ex_PS
2025-10-31,546121,WAT_ex_PS
2025-11-01,486011,WAT_ex_PS
2025-11-02,516681,WAT_ex_PS
2025-11-03,618248,WAT_ex_PS
2025-11-04,606986,WAT_ex_PS
2025-11-05,588257,WAT_ex_PS
2025-11-06,548843,WAT_ex_PS
2025-11-07,536268,WAT_ex_PS
2025-11-08,535749,WAT_ex_PS
2025-11-09,520855,WAT_ex_PS
2025-11-10,576603,WAT_ex_PS
2025-11-11,595688,WAT_ex_PS
2025-11-12,605539,WAT_ex_PS
2025-11-13,575837,WAT_ex_PS
2025-11-14,557419,WAT_ex_PS
2025-11-15,511617,WAT_ex_PS
2025-11-16,518455,WAT_ex_PS
2025-11-17,583265,WAT_ex_PS
2025-11-18,587528,WAT_ex_PS
2025-11-19,613801,WAT_ex_PS
2025-11-20,602383,WAT_ex_PS
2025-11-21,603836,WAT_ex_PS
2025-11-22,544720,WAT_ex_PS
2025-11-23,536754,WAT_ex_PS
2025-11-24,578007,WAT_ex_PS
2025-11-25,610936,WAT_ex_PS
2025-11-26,582868,WAT_ex_PS
2025-11-27,544530,WAT_ex_PS
2025-11-28,571755,WAT_ex_PS
2025-11-29,598311,WAT_ex_PS
2025-11-30,576564,WAT_ex_PS
2025-12-01,624284,WAT_ex_PS
2025-12-02,657202,WAT_ex_PS
2025-12-03,617899,WAT_ex_PS
2025-12-04,659481,WAT_ex_PS
2025-12-05,706790,WAT_ex_PS
2025-12-06,627559,WAT_ex_PS
2025-12-07,604276,WAT_ex_PS
2025-12-08,680586,WAT_ex_PS
2025-12-09,634822,WAT_ex_PS
2025-12-10,602309,WAT_ex_PS
2025-12-11,622032,WAT_ex_PS
2025-12-12,653860,WAT_ex_PS
2025-12-13,641819,WAT_ex_PS
2025-12-14,698655,WAT_ex_PS
2025-12-15,735476,WAT_ex_PS
2025-12-16,728327,WAT_ex_PS
2025-12-17,705343,WAT_ex_PS
2025-12-18,738503,WAT_ex_PS
2025-12-19,740830,WAT_ex_PS
2025-12-20,772425,WAT_ex_PS
2025-12-21,780103,WAT_ex_PS
2025-12-22,809623,WAT_ex_PS
2025-12-23,817926,WAT_ex_PS
2025-12-24,788438,WAT_ex_PS
2025-12-25,725074,WAT_ex_PS
2025-12-26,794526,WAT_ex_PS
2025-12-27,780989,WAT_ex_PS
2025-12-28,764649,WAT_ex_PS
2025-12-29,817706,WAT_ex_PS
2025-12-30,850632,WAT_ex_PS
2025-12-31,822154,WAT_ex_PS
2026-01-01,798811,WAT_ex_PS
2026-01-02,825706,WAT_ex_PS
2026-01-03,800798,WAT_ex_PS
2026-01-04,754836,WAT_ex_PS
2026-01-05,806863,WAT_ex_PS
2026-01-06,797435,WAT_ex_PS
2026-01-07,803598,WAT_ex_PS
2026-01-08,796384,WAT_ex_PS
2026-01-09,836398,WAT_ex_PS
2026-01-10,838812,WAT_ex_PS
2026-01-11,851272,WAT_ex_PS
2026-01-12,902041,WAT_ex_PS
2026-01-13,868613,WAT_ex_PS
2026-01-14,861594,WAT_ex_PS
2026-01-15,872937,WAT_ex_PS
2026-01-16,873713,WAT_ex_PS
2026-01-17,821050,WAT_ex_PS
2026-01-18,842108,WAT_ex_PS
2026-01-19,885313,WAT_ex_PS
2026-01-20,883382,WAT_ex_PS
2026-01-21,861766,WAT_ex_PS
2026-01-22,790972,WAT_ex_PS
2026-01-23,787063,WAT_ex_PS
2026-01-24,828236,WAT_ex_PS
2026-01-25,815243,WAT_ex_PS
2026-01-26,869780,WAT_ex_PS
2026-01-27,847046,WAT_ex_PS
2026-01-28,791205,WAT_ex_PS
2026-01-29,779831,WAT_ex_PS
2026-01-30,759198,WAT_ex_PS
2026-01-31,740110,WAT_ex_PS
2026-02-01,711957,WAT_ex_PS
2026-02-02,747045,WAT_ex_PS
2026-02-03,720351,WAT_ex_PS
2026-02-04,696730,WAT_ex_PS
2026-02-05,707456,WAT_ex_PS
2026-02-06,689002,WAT_ex_PS
2026-02-07,664077,WAT_ex_PS
2026-02-08,667753,WAT_ex_PS
2026-02-09,688709,WAT_ex_PS
2026-02-10,709353,WAT_ex_PS
2026-02-11,708402,WAT_ex_PS
2026-02-12,725494,WAT_ex_PS
2026-02-13,718635,WAT_ex_PS
2026-02-14,643355,WAT_ex_PS
2026-02-15,652269,WAT_ex_PS
2026-02-16,751727,WAT_ex_PS
2026-02-17,765488,WAT_ex_PS
2026-02-18,726474,WAT_ex_PS
2026-02-19,745437,WAT_ex_PS
2026-02-20,760738,WAT_ex_PS
2026-02-21,729074,WAT_ex_PS
2026-02-22,733605,WAT_ex_PS
2026-02-23,803271,WAT_ex_PS
2026-02-24,824215,WAT_ex_PS
2026-02-25,774701,WAT_ex_PS
2026-02-26,764158,WAT_ex_PS
2026-02-27,770983,WAT_ex_PS
2026-02-28,765904,WAT_ex_PS
2026-03-01,738195,WAT_ex_PS
2026-03-02,762326,WAT_ex_PS
2026-03-03,774353,WAT_ex_PS
2026-03-04,745986,WAT_ex_PS
2026-03-05,746864,WAT_ex_PS
2026-03-06,755344,WAT_ex_PS
2026-03-07,629308,WAT_ex_PS
2026-03-08,636127,WAT_ex_PS
2026-03-09,784893,WAT_ex_PS
2026-03-10,830935,WAT_ex_PS
2026-03-11,854025,WAT_ex_PS
2026-03-12,853999,WAT_ex_PS
2026-03-13,899667,WAT_ex_PS
2026-03-14,812246,WAT_ex_PS
2026-03-15,811898,WAT_ex_PS
2026-03-16,851783,WAT_ex_PS
2026-03-17,882939,WAT_ex_PS
2026-03-18,864074,WAT_ex_PS
2026-03-19,868396,WAT_ex_PS
2026-03-20,863905,WAT_ex_PS
2026-03-21,815181,WAT_ex_PS
2026-03-22,817125,WAT_ex_PS
2026-03-23,865097,WAT_ex_PS
2026-03-24,833296,WAT_ex_PS
2026-03-25,812307,WAT_ex_PS
2026-03-26,842191,WAT_ex_PS
2026-03-27,853018,WAT_ex_PS
2026-03-28,773840,WAT_ex_PS
2026-03-29,765321,WAT_ex_PS
2026-03-30,835193,WAT_ex_PS
2026-03-31,840166,WAT_ex_PS
2026-04-01,792284,WAT_ex_PS
2026-04-02,740142,WAT_ex_PS
2026-04-03,734452,WAT_ex_PS
2026-04-04,733925,WAT_ex_PS
2026-04-05,727032,WAT_ex_PS
2026-04-06,751364,WAT_ex_PS
2026-04-07,691259,WAT_ex_PS
2026-04-08,716489,WAT_ex_PS
2026-04-09,719655,WAT_ex_PS
2026-04-10,692045,WAT_ex_PS
2026-04-11,646792,WAT_ex_PS
2026-04-12,665149,WAT_ex_PS
2026-04-13,656104,WAT_ex_PS
2026-04-14,684217,WAT_ex_PS
2026-04-15,683835,WAT_ex_PS
2026-04-16,689359,WAT_ex_PS
2026-04-17,712098,WAT_ex_PS
2026-04-18,681618,WAT_ex_PS
2026-04-19,705638,WAT_ex_PS
2026-04-20,751311,WAT_ex_PS
2026-04-21,735067,WAT_ex_PS
2026-04-22,700188,WAT_ex_PS
2026-04-23,711341,WAT_ex_PS
2026-04-24,748415,WAT_ex_PS
2026-04-25,729792,WAT_ex_PS
2026-04-26,693405,WAT_ex_PS
2026-04-27,720039,WAT_ex_PS
2026-04-28,705051,WAT_ex_PS
2026-04-29,773014,WAT_ex_PS
2026-04-30,771469,WAT_ex_PS
2026-05-01,787676,WAT_ex_PS
2026-05-02,739115,WAT_ex_PS
2026-05-03,701360,WAT_ex_PS
2026-05-04,694389,WAT_ex_PS
2026-05-05,759203,WAT_ex_PS
2026-05-06,685958,WAT_ex_PS
2026-05-07,721703,WAT_ex_PS
2026-05-08,722271,WAT_ex_PS
2026-05-09,725662,WAT_ex_PS
2026-05-10,699927,WAT_ex_PS
2026-05-11,756815,WAT_ex_PS
2026-05-12,760470,WAT_ex_PS
2026-05-13,703220,WAT_ex_PS
2026-05-14,717980,WAT_ex_PS
2026-05-15,721138,WAT_ex_PS
2026-05-16,672685,WAT_ex_PS
2026-05-17,680697,WAT_ex_PS
2026-05-18,763268,WAT_ex_PS
2026-05-19,762409,WAT_ex_PS
2026-05-20,741847,WAT_ex_PS
2026-05-21,713727,WAT_ex_PS
2026-05-22,722136,WAT_ex_PS
2026-05-23,672058,WAT_ex_PS
2026-05-24,656988,WAT_ex_PS
2026-05-25,725796,WAT_ex_PS
2026-05-26,780403,WAT_ex_PS
2026-05-27,783190,WAT_ex_PS
2026-05-28,803498,WAT_ex_PS
2026-05-29,737220,WAT_ex_PS
2026-05-30,675222,WAT_ex_PS
2026-05-31,744409,WAT_ex_PS
2026-06-01,810738,WAT_ex_PS
2026-06-02,806116,WAT_ex_PS
2026-06-03,802573,WAT_ex_PS
2026-06-04,801021,WAT_ex_PS
2026-06-05,803523,WAT_ex_PS
2026-06-06,736701,WAT_ex_PS
2026-06-07,711086,WAT_ex_PS
2026-06-08,831923,WAT_ex_PS
2026-06-09,762540,WAT_ex_PS
2026-06-10,775473,WAT_ex_PS
2026-06-11,811837,WAT_ex_PS
2026-06-12,795781,WAT_ex_PS
2026-06-13,764068,WAT_ex_PS
2026-06-14,748107,WAT_ex_PS
2026-06-15,770466,WAT_ex_PS
2026-06-16,760993,WAT_ex_PS
2026-06-17,742809,WAT_ex_PS
2026-06-18,766996,WAT_ex_PS
2026-06-19,759785,WAT_ex_PS
2026-06-20,659938,WAT_ex_PS
2026-06-21,676627,WAT_ex_PS
2026-06-22,753362,WAT_ex_PS
2026-06-23,775603,WAT_ex_PS
2026-06-24,795393,WAT_ex_PS
2026-06-25,774361,WAT_ex_PS
2026-06-26,748371,WAT_ex_PS
2026-06-27,632291,WAT_ex_PS
2026-06-28,621091,WAT_ex_PS
2026-06-29,728863,WAT_ex_PS
2026-06-30,778838,WAT_ex_PS
