month,is_forecast,total_consumption_bcfd,electric_power,residential,commercial,pipeline_distribution,lease_plant,vehicle,industrial_residual_bcfd,d_total,d_heating_res_plus_comm,d_power,heating_bigger_mover,power_moved_opposite_to_total
202201,0,115.55,30.62,30.889,17.771,4.555,4.934,0.178,26.604,,,,,
202202,0,109.02,28.714,28.257,16.573,4.284,4.981,0.178,26.028,-6.53,-3.829,-1.905,1,0
202203,0,89.73,25.06,18.985,12.435,3.486,5.063,0.178,24.527,-19.28,-13.41,-3.655,1,0
202204,0,78.61,24.769,12.819,9.198,3.026,5.113,0.178,23.503,-11.13,-9.404,-0.29,1,0
202205,0,72.27,29.764,6.492,5.909,2.765,5.117,0.178,22.04,-6.34,-9.615,4.995,1,1
202206,0,77.24,38.151,4.131,4.871,2.969,5.132,0.178,21.805,4.97,-3.399,8.387,0,0
202207,0,83.54,45.322,3.556,4.665,3.227,5.173,0.178,21.416,6.3,-0.781,7.171,0,0
202208,0,82.8,44.521,3.319,4.567,3.195,5.206,0.178,21.81,-0.74,-0.334,-0.801,0,0
202209,0,76.45,37.505,3.803,4.997,2.93,5.287,0.178,21.751,-6.35,0.914,-7.016,0,0
202210,0,76.21,30.53,7.804,7.203,2.921,5.278,0.178,22.293,-0.24,6.207,-6.975,0,0
202211,0,92.3,30.07,17.108,11.778,3.583,5.284,0.178,24.297,16.09,13.878,-0.46,1,1
202212,0,109.0,32.013,26.929,15.879,4.274,5.208,0.178,24.517,16.7,13.922,1.943,1,0
202301,0,107.0,31.089,26.057,15.438,4.144,5.243,0.17,24.86,-2.0,-1.312,-0.924,1,0
202302,0,105.63,30.951,24.656,15.242,4.089,5.223,0.17,25.302,-1.37,-1.597,-0.137,1,0
202303,0,97.68,30.219,20.564,13.233,3.762,5.297,0.17,24.433,-7.95,-6.1,-0.732,1,0
202304,0,80.67,28.762,11.358,8.491,3.071,5.253,0.17,23.562,-17.01,-13.949,-1.457,1,0
202305,0,74.53,31.917,6.409,5.922,2.819,5.297,0.17,21.998,-6.13,-7.517,3.155,1,1
202306,0,78.87,39.254,4.331,5.012,2.998,5.236,0.17,21.868,4.34,-2.988,7.337,0,0
202307,0,86.2,47.572,3.631,4.649,3.295,5.276,0.17,21.602,7.33,-1.063,8.318,0,0
202308,0,86.55,47.469,3.396,4.724,3.308,5.308,0.17,22.176,0.36,-0.16,-0.103,1,1
202309,0,79.54,39.958,3.816,4.909,3.022,5.318,0.17,22.349,-7.01,0.605,-7.511,0,0
202310,0,78.8,32.773,7.36,7.271,2.992,5.324,0.17,22.91,-0.74,5.906,-7.185,0,0
202311,0,94.2,32.106,16.569,11.612,3.616,5.405,0.17,24.718,15.4,13.55,-0.667,1,1
202312,0,102.66,32.891,21.349,13.391,3.96,5.412,0.17,25.484,8.46,6.559,0.785,1,0
202401,0,120.33,36.677,30.118,17.51,4.728,5.264,0.185,25.845,17.67,12.888,3.786,1,0
202402,0,102.32,31.473,22.202,14.319,3.978,5.409,0.185,24.754,-18.01,-11.107,-5.204,1,0
202403,0,90.36,29.652,16.421,11.207,3.487,5.292,0.185,24.113,-11.96,-8.893,-1.821,1,0
202404,0,80.0,29.329,10.592,8.264,3.071,5.243,0.185,23.315,-10.36,-8.772,-0.323,1,0
202405,0,75.45,33.796,5.563,5.677,2.879,5.251,0.185,22.099,-4.55,-7.616,4.467,1,1
202406,0,81.04,41.281,4.122,5.093,3.12,5.314,0.185,21.925,5.59,-2.025,7.485,0,0
202407,0,88.6,49.279,3.465,4.737,3.417,5.381,0.185,22.139,7.56,-1.013,7.998,0,0
202408,0,87.88,48.274,3.398,4.769,3.394,5.332,0.185,22.531,-0.72,-0.035,-1.005,0,0
202409,0,80.56,40.753,3.759,5.141,3.096,5.294,0.185,22.33,-7.32,0.733,-7.521,0,0
202410,0,78.43,34.533,6.25,6.731,2.996,5.368,0.185,22.37,-2.13,4.081,-6.221,0,0
202411,0,90.33,32.916,13.728,10.475,3.483,5.369,0.185,24.172,11.9,11.222,-1.617,1,1
202412,0,108.46,33.446,24.433,14.962,4.236,5.467,0.185,25.73,18.13,15.191,0.529,1,0
202501,0,126.54,36.288,33.425,19.667,4.889,5.373,0.182,26.71,18.08,13.698,2.843,1,0
202502,0,115.48,33.281,28.416,17.575,4.462,5.417,0.182,26.148,-11.05,-7.101,-3.007,1,0
202503,0,88.77,26.79,17.015,11.765,3.43,5.56,0.182,24.033,-26.71,-17.212,-6.492,1,0
202504,0,79.27,27.671,10.852,8.746,3.063,5.543,0.182,23.218,-9.5,-9.181,0.881,1,1
202505,0,74.49,31.365,6.08,6.155,2.878,5.533,0.182,22.3,-4.78,-7.363,3.694,1,1
202506,0,80.57,40.379,4.32,5.171,3.113,5.575,0.182,21.831,6.08,-2.743,9.014,0,0
202507,0,87.89,48.187,3.581,4.969,3.396,5.613,0.182,21.959,7.32,-0.942,7.808,0,0
202508,0,85.28,45.468,3.375,4.931,3.295,5.647,0.182,22.382,-2.61,-0.243,-2.719,0,0
202509,0,80.92,40.709,3.751,5.157,3.126,5.64,0.182,22.356,-4.36,0.601,-4.759,0,0
202510,0,78.85,33.401,6.976,7.314,3.046,5.59,0.182,22.34,-2.07,5.383,-7.308,0,0
202511,0,92.79,31.535,15.736,11.364,3.585,5.734,0.182,24.651,13.94,12.809,-1.866,1,1
202512,0,112.89,33.779,26.621,16.355,4.362,5.782,0.182,25.806,20.1,15.876,2.244,1,0
202601,0,122.29,35.26,31.42,18.991,4.725,5.618,0.199,26.075,9.4,7.436,1.481,1,0
202602,0,111.23,33.809,25.841,15.871,4.297,5.737,0.199,25.476,-11.06,-8.699,-1.451,1,0
202603,0,89.71,29.612,15.509,11.256,3.466,5.758,0.199,23.913,-21.52,-14.947,-4.197,1,0
202604,0,79.7,29.926,9.368,8.041,3.078,5.768,0.199,23.316,-10.02,-9.357,0.314,1,1
202605,0,75.0,31.213,6.242,6.184,2.879,5.753,0.199,22.529,-4.7,-4.983,1.288,1,1
202606,0,79.29,39.019,3.825,4.99,3.059,5.768,0.199,22.431,4.29,-3.611,7.806,0,0
202607,0,87.66,47.646,3.447,4.632,3.389,5.773,0.199,22.573,8.37,-0.736,8.626,0,0
202608,1,88.65,48.013,3.445,4.77,3.431,5.78,0.199,23.01,0.99,0.136,0.367,0,0
202609,1,83.65,42.163,3.815,5.285,3.227,5.792,0.199,23.171,-5.0,0.884,-5.85,0,0
202610,1,81.49,33.531,7.573,7.614,3.143,5.813,0.199,23.622,-2.16,6.087,-8.631,0,0
202611,1,95.47,32.786,15.841,11.547,3.709,5.84,0.199,25.548,13.98,12.201,-0.745,1,1
202612,1,112.39,35.991,24.273,15.079,4.395,5.862,0.199,26.588,16.92,11.964,3.205,1,0
202701,1,120.92,37.94,28.162,16.997,4.734,5.885,0.216,26.986,8.53,5.806,1.949,1,0
202702,1,113.06,34.75,25.153,15.928,4.417,5.826,0.216,26.766,-7.87,-4.077,-3.191,1,0
202703,1,96.52,30.264,18.394,12.661,3.755,5.922,0.216,25.306,-16.54,-10.026,-4.485,1,0
202704,1,83.81,29.672,11.416,8.869,3.24,5.939,0.216,24.458,-12.71,-10.77,-0.592,1,0
202705,1,76.43,31.243,6.318,6.483,2.946,5.957,0.216,23.27,-7.38,-7.484,1.57,1,1
202706,1,82.5,40.485,4.196,5.397,3.183,5.975,0.216,23.049,6.07,-3.208,9.242,0,0
202707,1,91.86,50.578,3.52,5.002,3.549,5.996,0.216,22.995,9.36,-1.071,10.093,0,0
202708,1,92.0,50.325,3.456,5.085,3.563,6.018,0.216,23.34,0.15,0.018,-0.253,0,1
202709,1,86.35,43.865,3.811,5.668,3.336,6.037,0.216,23.421,-5.65,0.939,-6.46,0,0
202710,1,83.99,35.091,7.549,8.048,3.241,6.061,0.216,23.786,-2.36,6.118,-8.774,0,0
202711,1,98.4,34.79,15.786,12.031,3.825,6.088,0.216,25.659,14.4,12.22,-0.302,1,1
202712,1,115.19,37.782,24.19,15.715,4.51,6.107,0.216,26.669,16.79,12.087,2.993,1,0
