date,wind_mwh,solar_mwh
2019-01-01,678783.0,102079.0
2019-01-02,461643.0,105518.0
2019-01-03,671241.0,109145.0
2019-01-04,610758.0,110686.0
2019-01-05,650921.0,67413.0
2019-01-06,1318665.0,95007.0
2019-01-07,1134487.0,106667.0
2019-01-08,1090549.0,98481.0
2019-01-09,796946.0,104676.0
2019-01-10,846882.0,121191.0
2019-01-11,738737.0,101371.0
2019-01-12,795654.0,70593.0
2019-01-13,355596.0,89750.0
2019-01-14,289877.0,47789.0
2019-01-15,502915.0,51630.0
2019-01-16,582670.0,95530.0
2019-01-17,471559.0,71178.0
2019-01-18,1040183.0,108274.0
2019-01-19,1070222.0,114950.0
2019-01-20,768888.0,95241.0
2019-01-21,1373736.0,130435.0
2019-01-22,1134897.0,134061.0
2019-01-23,835402.0,130250.0
2019-01-24,1011724.0,135160.0
2019-01-25,602715.0,153416.0
2019-01-26,541492.0,145864.0
2019-01-27,787744.0,121360.0
2019-01-28,1267749.0,114353.0
2019-01-29,844807.0,127597.0
2019-01-30,661721.0,125524.0
2019-01-31,682288.0,115688.0
2019-02-01,597335.0,113647.0
2019-02-02,1133030.0,85019.0
2019-02-03,1208624.0,102649.0
2019-02-04,982515.0,110704.0
2019-02-05,606003.0,112251.0
2019-02-06,611106.0,132024.0
2019-02-07,812448.0,159012.0
2019-02-08,761705.0,150554.0
2019-02-09,828457.0,112854.0
2019-02-10,588624.0,112825.0
2019-02-11,761568.0,133222.0
2019-02-12,926508.0,114756.0
2019-02-13,1250952.0,78443.0
2019-02-14,1204042.0,81194.0
2019-02-15,953530.0,105519.0
2019-02-16,585073.0,125344.0
2019-02-17,691839.0,118301.0
2019-02-18,675160.0,138274.0
2019-02-19,458200.0,144253.0
2019-02-20,837358.0,102891.0
2019-02-21,927235.0,91853.0
2019-02-22,557251.0,140984.0
2019-02-23,1007607.0,143364.0
2019-02-24,985961.0,156280.0
2019-02-25,1022723.0,169905.0
2019-02-26,676644.0,128244.0
2019-02-27,674147.0,114996.0
2019-02-28,352165.0,142219.0
2019-03-01,419807.0,105396.0
2019-03-02,602125.0,113170.0
2019-03-03,941199.0,122451.0
2019-03-04,834783.0,145039.0
2019-03-05,781648.0,127075.0
2019-03-06,921699.0,138793.0
2019-03-07,858371.0,156447.0
2019-03-08,674293.0,143776.0
2019-03-09,1129880.0,148050.0
2019-03-10,870998.0,123668.0
2019-03-11,471567.0,118015.0
2019-03-12,1147583.0,146206.0
2019-03-13,1280331.0,181371.0
2019-03-14,1239925.0,200040.0
2019-03-15,1056590.0,187009.0
2019-03-16,505504.0,191266.0
2019-03-17,355409.0,208913.0
2019-03-18,399852.0,201655.0
2019-03-19,712292.0,165962.0
2019-03-20,671283.0,117526.0
2019-03-21,521063.0,156893.0
2019-03-22,975163.0,193846.0
2019-03-23,889899.0,189224.0
2019-03-24,636130.0,204095.0
2019-03-25,494417.0,200708.0
2019-03-26,659231.0,179471.0
2019-03-27,1217859.0,166605.0
2019-03-28,1130265.0,208074.0
2019-03-29,807339.0,208827.0
2019-03-30,1084481.0,187959.0
2019-03-31,722467.0,188766.0
2019-04-01,757167.0,190357.0
2019-04-02,935939.0,170198.0
2019-04-03,1059886.0,200476.0
2019-04-04,758390.0,175834.0
2019-04-05,755482.0,156223.0
2019-04-06,863882.0,184772.0
2019-04-07,896068.0,181072.0
2019-04-08,609304.0,180125.0
2019-04-09,927979.0,172523.0
2019-04-10,1419370.0,216454.0
2019-04-11,1245154.0,188183.0
2019-04-12,976877.0,182381.0
2019-04-13,956458.0,194192.0
2019-04-14,922614.0,173592.0
2019-04-15,1197390.0,206825.0
2019-04-16,1127847.0,179157.0
2019-04-17,1175055.0,229248.0
2019-04-18,1181700.0,230649.0
2019-04-19,793392.0,186679.0
2019-04-20,1089972.0,197869.0
2019-04-21,1191221.0,196359.0
2019-04-22,1026605.0,212723.0
2019-04-23,703995.0,226430.0
2019-04-24,449405.0,231386.0
2019-04-25,680113.0,226353.0
2019-04-26,1020777.0,219860.0
2019-04-27,1221903.0,228586.0
2019-04-28,1080976.0,213686.0
2019-04-29,988303.0,172178.0
2019-04-30,720024.0,217940.0
2019-05-01,608987.0,226345.0
2019-05-02,662891.0,213371.0
2019-05-03,490059.0,218436.0
2019-05-04,361334.0,224058.0
2019-05-05,690193.0,195397.0
2019-05-06,793283.0,216610.0
2019-05-07,882170.0,214995.0
2019-05-08,1018988.0,217304.0
2019-05-09,1045513.0,193644.0
2019-05-10,511927.0,144690.0
2019-05-11,429931.0,207228.0
2019-05-12,446817.0,190734.0
2019-05-13,611820.0,220323.0
2019-05-14,575075.0,233848.0
2019-05-15,598391.0,190239.0
2019-05-16,1054357.0,184330.0
2019-05-17,1310687.0,197350.0
2019-05-18,1035465.0,208164.0
2019-05-19,868268.0,169359.0
2019-05-20,1119718.0,188100.0
2019-05-21,1182165.0,203183.0
2019-05-22,1083601.0,182639.0
2019-05-23,1048828.0,168038.0
2019-05-24,1008931.0,225663.0
2019-05-25,1025742.0,225673.0
2019-05-26,938858.0,177279.0
2019-05-27,1123624.0,184901.0
2019-05-28,1017286.0,224654.0
2019-05-29,673960.0,231615.0
2019-05-30,441323.0,225228.0
2019-05-31,409987.0,221134.0
2019-06-01,630061.0,232308.0
2019-06-02,531598.0,217181.0
2019-06-03,727986.0,240745.0
2019-06-04,788520.0,236466.0
2019-06-05,480339.0,218517.0
2019-06-06,392843.0,223914.0
2019-06-07,658403.0,217673.0
2019-06-08,839607.0,223917.0
2019-06-09,934888.0,211990.0
2019-06-10,698780.0,207587.0
2019-06-11,586881.0,218403.0
2019-06-12,703182.0,224161.0
2019-06-13,823785.0,225398.0
2019-06-14,1322429.0,244722.0
2019-06-15,965403.0,246319.0
2019-06-16,514824.0,230516.0
2019-06-17,347497.0,222647.0
2019-06-18,448298.0,228077.0
2019-06-19,523931.0,233955.0
2019-06-20,838080.0,240775.0
2019-06-21,1192205.0,248168.0
2019-06-22,937195.0,241304.0
2019-06-23,798076.0,248822.0
2019-06-24,666621.0,252252.0
2019-06-25,826099.0,231933.0
2019-06-26,771232.0,245817.0
2019-06-27,869918.0,250326.0
2019-06-28,727485.0,243522.0
2019-06-29,548659.0,204175.0
2019-06-30,626212.0,225620.0
2019-07-01,673169.0,257371.0
2019-07-02,724584.0,252255.0
2019-07-03,739502.0,247111.0
2019-07-04,772223.0,241182.0
2019-07-05,707163.0,240428.0
2019-07-06,564818.0,232844.0
2019-07-07,483400.0,203192.0
2019-07-08,662703.0,237607.0
2019-07-09,682236.0,235132.0
2019-07-10,660812.0,245080.0
2019-07-11,464524.0,227445.0
2019-07-12,347166.0,217605.0
2019-07-13,399454.0,218951.0
2019-07-14,429106.0,241127.0
2019-07-15,574476.0,252513.0
2019-07-16,706526.0,245680.0
2019-07-17,974866.0,243544.0
2019-07-18,1094921.0,246191.0
2019-07-19,1156682.0,239292.0
2019-07-20,1082669.0,248062.0
2019-07-21,629109.0,243754.0
2019-07-22,676792.0,200361.0
2019-07-23,432384.0,169777.0
2019-07-24,440995.0,206238.0
2019-07-25,706417.0,184192.0
2019-07-26,789472.0,228535.0
2019-07-27,834793.0,243793.0
2019-07-28,922961.0,231149.0
2019-07-29,708025.0,233839.0
2019-07-30,546332.0,221115.0
2019-07-31,636212.0,209955.0
2019-08-01,599974.0,229877.0
2019-08-02,608866.0,222830.0
2019-08-03,366679.0,216860.0
2019-08-04,268478.0,217814.0
2019-08-05,419547.0,213506.0
2019-08-06,409051.0,180867.0
2019-08-07,617164.0,187980.0
2019-08-08,688539.0,228441.0
2019-08-09,573347.0,232741.0
2019-08-10,610009.0,224855.0
2019-08-11,732899.0,236658.0
2019-08-12,568080.0,238399.0
2019-08-13,448413.0,226908.0
2019-08-14,429750.0,225277.0
2019-08-15,473544.0,223777.0
2019-08-16,738780.0,226578.0
2019-08-17,881403.0,223441.0
2019-08-18,785665.0,227743.0
2019-08-19,685069.0,229891.0
2019-08-20,669927.0,232235.0
2019-08-21,669590.0,230927.0
2019-08-22,566385.0,221362.0
2019-08-23,616158.0,222143.0
2019-08-24,676770.0,208493.0
2019-08-25,762646.0,203670.0
2019-08-26,832572.0,210058.0
2019-08-27,816215.0,207670.0
2019-08-28,570345.0,213061.0
2019-08-29,899184.0,238425.0
2019-08-30,663501.0,236441.0
2019-08-31,448394.0,230196.0
2019-09-01,385167.0,211092.0
2019-09-02,548788.0,192946.0
2019-09-03,755977.0,211579.0
2019-09-04,555789.0,194221.0
2019-09-05,585079.0,170574.0
2019-09-06,519977.0,203396.0
2019-09-07,601350.0,219754.0
2019-09-08,837590.0,218214.0
2019-09-09,1016868.0,203544.0
2019-09-10,994763.0,210159.0
2019-09-11,998520.0,214031.0
2019-09-12,839160.0,223514.0
2019-09-13,696267.0,202401.0
2019-09-14,720739.0,204675.0
2019-09-15,648313.0,191139.0
2019-09-16,764164.0,180578.0
2019-09-17,900139.0,219220.0
2019-09-18,786812.0,213997.0
2019-09-19,665826.0,215073.0
2019-09-20,845435.0,220876.0
2019-09-21,1092656.0,216628.0
2019-09-22,653200.0,198350.0
2019-09-23,565899.0,196186.0
2019-09-24,854948.0,207834.0
2019-09-25,774255.0,184572.0
2019-09-26,843744.0,172760.0
2019-09-27,1091896.0,198409.0
2019-09-28,946119.0,195577.0
2019-09-29,1198694.0,189680.0
2019-09-30,1225926.0,179823.0
2019-10-01,1006350.0,213397.0
2019-10-02,697598.0,201700.0
2019-10-03,679809.0,203260.0
2019-10-04,673701.0,187331.0
2019-10-05,947637.0,313226.0
2019-10-06,770110.0,315229.0
2019-10-07,611358.0,291938.0
2019-10-08,1027765.0,203472.0
2019-10-09,1223188.0,171613.0
2019-10-10,1162105.0,194755.0
2019-10-11,1106439.0,195781.0
2019-10-12,960087.0,192706.0
2019-10-13,715267.0,175291.0
2019-10-14,692647.0,176832.0
2019-10-15,1014891.0,171429.0
2019-10-16,728347.0,142249.0
2019-10-17,1007810.0,184938.0
2019-10-18,1263214.0,182600.0
2019-10-19,782410.0,159681.0
2019-10-20,1004162.0,162136.0
2019-10-21,1074870.0,166495.0
2019-10-22,1052157.0,162720.0
2019-10-23,1006513.0,179947.0
2019-10-24,910509.0,167900.0
2019-10-25,841034.0,159666.0
2019-10-26,863509.0,165792.0
2019-10-27,1121919.0,148713.0
2019-10-28,609050.0,161626.0
2019-10-29,603773.0,137497.0
2019-10-30,833020.0,131327.0
2019-10-31,783497.0,157758.0
2019-11-01,990429.0,182841.0
2019-11-02,680121.0,173536.0
2019-11-03,882673.0,171011.0
2019-11-04,775760.0,154784.0
2019-11-05,480108.0,150281.0
2019-11-06,743593.0,151951.0
2019-11-07,713682.0,135366.0
2019-11-08,665433.0,144810.0
2019-11-09,675163.0,162449.0
2019-11-10,878050.0,156974.0
2019-11-11,1122487.0,143736.0
2019-11-12,816337.0,122910.0
2019-11-13,867405.0,140719.0
2019-11-14,545234.0,105374.0
2019-11-15,767069.0,102114.0
2019-11-16,1122673.0,120767.0
2019-11-17,744218.0,136887.0
2019-11-18,581482.0,128936.0
2019-11-19,727876.0,102745.0
2019-11-20,1226891.0,99154.0
2019-11-21,1123185.0,119807.0
2019-11-22,772641.0,115902.0
2019-11-23,874639.0,119232.0
2019-11-24,900602.0,145485.0
2019-11-25,1202022.0,131340.0
2019-11-26,1248797.0,125684.0
2019-11-27,1246347.0,75559.0
2019-11-28,757951.0,88411.0
2019-11-29,651585.0,116501.0
2019-11-30,1207913.0,94157.0
2019-12-01,1058550.0,87296.0
2019-12-02,732797.0,109302.0
2019-12-03,1019906.0,95647.0
2019-12-04,769432.0,82540.0
2019-12-05,958886.0,113654.0
2019-12-06,688882.0,97757.0
2019-12-07,972717.0,82876.0
2019-12-08,1030796.0,76346.0
2019-12-09,1158615.0,93535.0
2019-12-10,914915.0,92010.0
2019-12-11,893811.0,92412.0
2019-12-12,881922.0,107817.0
2019-12-13,654931.0,91886.0
2019-12-14,762634.0,106824.0
2019-12-15,743017.0,140066.0
2019-12-16,835861.0,138067.0
2019-12-17,887594.0,95052.0
2019-12-18,739837.0,110834.0
2019-12-19,1133884.0,147439.0
2019-12-20,1023871.0,132445.0
2019-12-21,900828.0,88161.0
2019-12-22,773586.0,69203.0
2019-12-23,848451.0,46963.0
2019-12-24,966727.0,103554.0
2019-12-25,936586.0,110833.0
2019-12-26,776939.0,67798.0
2019-12-27,927319.0,96830.0
2019-12-28,941959.0,117269.0
2019-12-29,1106145.0,93320.0
2019-12-30,1101619.0,95387.0
2019-12-31,893637.0,133328.0
2020-01-01,1444726.0,119585.0
2020-01-02,969916.0,108348.0
2020-01-03,829823.0,110623.0
2020-01-04,845849.0,118607.0
2020-01-05,1156889.0,142785.0
2020-01-06,902680.0,144593.0
2020-01-07,843850.0,127099.0
2020-01-08,1402776.0,132012.0
2020-01-09,1228916.0,121465.0
2020-01-10,1089754.0,123119.0
2020-01-11,1152740.0,111062.0
2020-01-12,939198.0,114068.0
2020-01-13,966950.0,117316.0
2020-01-14,796034.0,118868.0
2020-01-15,964983.0,116341.0
2020-01-16,854658.0,105893.0
2020-01-17,962507.0,132269.0
2020-01-18,978875.0,118516.0
2020-01-19,635166.0,111990.0
2020-01-20,378336.0,98992.0
2020-01-21,1048556.0,119066.0
2020-01-22,1074492.0,144958.0
2020-01-23,667126.0,127614.0
2020-01-24,621259.0,124767.0
2020-01-25,725082.0,152040.0
2020-01-26,419763.0,139971.0
2020-01-27,633647.0,135124.0
2020-01-28,835724.0,146833.0
2020-01-29,413819.0,129533.0
2020-01-30,320629.0,136769.0
2020-01-31,616191.0,118981.0
2020-02-01,895389.0,133784.0
2020-02-02,1168669.0,171129.0
2020-02-03,1255615.0,161280.0
2020-02-04,1091502.0,147222.0
2020-02-05,720362.0,124825.0
2020-02-06,675005.0,143365.0
2020-02-07,786497.0,175291.0
2020-02-08,876402.0,169442.0
2020-02-09,1248218.0,163310.0
2020-02-10,734093.0,133698.0
2020-02-11,847634.0,139674.0
2020-02-12,849650.0,161662.0
2020-02-13,777688.0,162718.0
2020-02-14,1081888.0,181789.0
2020-02-15,1083717.0,190793.0
2020-02-16,765230.0,148713.0
2020-02-17,958520.0,172865.0
2020-02-18,947352.0,147512.0
2020-02-19,507128.0,149948.0
2020-02-20,853335.0,147655.0
2020-02-21,963415.0,150093.0
2020-02-22,1234489.0,152638.0
2020-02-23,1178492.0,172973.0
2020-02-24,1024849.0,180307.0
2020-02-25,1183451.0,175127.0
2020-02-26,922653.0,182805.0
2020-02-27,794936.0,210305.0
2020-02-28,603779.0,179657.0
2020-02-29,1267224.0,173780.0
2020-03-01,1214883.0,174713.0
2020-03-02,929678.0,164175.0
2020-03-03,937284.0,177199.0
2020-03-04,967085.0,185332.0
2020-03-05,1156496.0,183660.0
2020-03-06,984953.0,215196.0
2020-03-07,1387558.0,195292.0
2020-03-08,1391070.0,192489.0
2020-03-09,1126268.0,185129.0
2020-03-10,730506.0,111117.0
2020-03-11,779797.0,160909.0
2020-03-12,1112979.0,139189.0
2020-03-13,1128299.0,147366.0
2020-03-14,675017.0,181625.0
2020-03-15,609674.0,156636.0
2020-03-16,413580.0,146176.0
2020-03-17,696501.0,159936.0
2020-03-18,671434.0,163953.0
2020-03-19,1140866.0,179300.0
2020-03-20,1163023.0,189629.0
2020-03-21,608387.0,169914.0
2020-03-22,632666.0,179976.0
2020-03-23,626618.0,171152.0
2020-03-24,791009.0,199336.0
2020-03-25,939835.0,188406.0
2020-03-26,980738.0,215753.0
2020-03-27,915022.0,211227.0
2020-03-28,1306918.0,217357.0
2020-03-29,1054136.0,191199.0
2020-03-30,1033119.0,223903.0
2020-03-31,728270.0,186147.0
2020-04-01,1252521.0,202445.0
2020-04-02,1221551.0,252263.0
2020-04-03,1076586.0,236223.0
2020-04-04,595812.0,228619.0
2020-04-05,698662.0,182116.0
2020-04-06,953084.0,190319.0
2020-04-07,912560.0,206228.0
2020-04-08,846304.0,178880.0
2020-04-09,994619.0,178673.0
2020-04-10,994924.0,197738.0
2020-04-11,1142564.0,232761.0
2020-04-12,1340849.0,196852.0
2020-04-13,1160313.0,234027.0
2020-04-14,790659.0,254518.0
2020-04-15,734343.0,254066.0
2020-04-16,1017375.0,238918.0
2020-04-17,817403.0,227981.0
2020-04-18,1100787.0,211729.0
2020-04-19,896560.0,213503.0
2020-04-20,756157.0,203520.0
2020-04-21,995629.0,259584.0
2020-04-22,1198480.0,275433.0
2020-04-23,788049.0,231596.0
2020-04-24,903997.0,260199.0
2020-04-25,709020.0,262851.0
2020-04-26,1018295.0,246035.0
2020-04-27,1140033.0,280145.0
2020-04-28,1158561.0,297663.0
2020-04-29,1206695.0,257059.0
2020-04-30,1026808.0,215156.0
2020-05-01,1224907.0,279989.0
2020-05-02,1169741.0,285326.0
2020-05-03,916301.0,276662.0
2020-05-04,1098454.0,311871.0
2020-05-05,897552.0,278696.0
2020-05-06,730541.0,279227.0
2020-05-07,1153351.0,294029.0
2020-05-08,1211930.0,260691.0
2020-05-09,844101.0,302097.0
2020-05-10,1021620.0,265795.0
2020-05-11,987998.0,292179.0
2020-05-12,728978.0,290236.0
2020-05-13,1216834.0,267884.0
2020-05-14,970201.0,274679.0
2020-05-15,927829.0,274552.0
2020-05-16,550169.0,290870.0
2020-05-17,784138.0,274870.0
2020-05-18,901974.0,238518.0
2020-05-19,983650.0,233400.0
2020-05-20,1102843.0,228038.0
2020-05-21,1022350.0,264916.0
2020-05-22,839214.0,277083.0
2020-05-23,1060687.0,258170.0
2020-05-24,990447.0,260165.0
2020-05-25,698252.0,253940.0
2020-05-26,564838.0,266885.0
2020-05-27,488524.0,261548.0
2020-05-28,750772.0,262889.0
2020-05-29,608927.0,245242.0
2020-05-30,721250.0,262487.0
2020-05-31,919531.0,269173.0
2020-06-01,1017173.0,265424.0
2020-06-02,1002156.0,239593.0
2020-06-03,633025.0,273088.0
2020-06-04,667546.0,288543.0
2020-06-05,716311.0,240127.0
2020-06-06,1173781.0,229526.0
2020-06-07,1257453.0,228332.0
2020-06-08,1227333.0,280471.0
2020-06-09,1203025.0,293535.0
2020-06-10,1026283.0,310181.0
2020-06-11,1039263.0,285600.0
2020-06-12,830110.0,302102.0
2020-06-13,1254076.0,282331.0
2020-06-14,1300144.0,288356.0
2020-06-15,1164683.0,277149.0
2020-06-16,1282448.0,275595.0
2020-06-17,1365836.0,285997.0
2020-06-18,1038407.0,300336.0
2020-06-19,723081.0,297095.0
2020-06-20,611807.0,300049.0
2020-06-21,937685.0,305859.0
2020-06-22,685334.0,308724.0
2020-06-23,605261.0,294135.0
2020-06-24,578107.0,281613.0
2020-06-25,825360.0,267483.0
2020-06-26,949323.0,291174.0
2020-06-27,1054620.0,287965.0
2020-06-28,1238697.0,276317.0
2020-06-29,1316751.0,301686.0
2020-06-30,1214144.0,291476.0
2020-07-01,833175.0,289340.0
2020-07-02,773353.0,305814.0
2020-07-03,512975.0,312902.0
2020-07-04,454432.0,312350.0
2020-07-05,421493.0,296768.0
2020-07-06,469723.0,289765.0
2020-07-07,652870.0,280659.0
2020-07-08,906552.0,298052.0
2020-07-09,999096.0,305854.0
2020-07-10,855874.0,304161.0
2020-07-11,804723.0,306148.0
2020-07-12,759018.0,306619.0
2020-07-13,1000908.0,300955.0
2020-07-14,940967.0,300273.0
2020-07-15,755418.0,296152.0
2020-07-16,711321.0,308819.0
2020-07-17,976802.0,309530.0
2020-07-18,1111034.0,310823.0
2020-07-19,855986.0,300917.0
2020-07-20,654012.0,293183.0
2020-07-21,509839.0,280559.0
2020-07-22,555225.0,284048.0
2020-07-23,777824.0,273954.0
2020-07-24,895128.0,288354.0
2020-07-25,797382.0,289352.0
2020-07-26,684262.0,295694.0
2020-07-27,482834.0,294717.0
2020-07-28,555891.0,285990.0
2020-07-29,535571.0,280288.0
2020-07-30,756330.0,295277.0
2020-07-31,558327.0,296595.0
2020-08-01,399096.0,292135.0
2020-08-02,648272.0,293814.0
2020-08-03,596677.0,278995.0
2020-08-04,689173.0,281476.0
2020-08-05,743277.0,275753.0
2020-08-06,945491.0,277949.0
2020-08-07,1118659.0,274453.0
2020-08-08,1069754.0,285512.0
2020-08-09,1054576.0,290619.0
2020-08-10,933656.0,285558.0
2020-08-11,804871.0,279704.0
2020-08-12,928166.0,282559.0
2020-08-13,856496.0,224061.0
2020-08-14,744858.0,254157.0
2020-08-15,445575.0,222132.0
2020-08-16,498432.0,236304.0
2020-08-17,458632.0,248601.0
2020-08-18,349704.0,259204.0
2020-08-19,631076.0,230286.0
2020-08-20,827160.0,226930.0
2020-08-21,701255.0,207614.0
2020-08-22,588006.0,204332.0
2020-08-23,550603.0,220020.0
2020-08-24,703383.0,223503.0
2020-08-25,748081.0,255587.0
2020-08-26,858389.0,263775.0
2020-08-27,721576.0,264441.0
2020-08-28,853759.0,255792.0
2020-08-29,805625.0,238390.0
2020-08-30,835816.0,254376.0
2020-08-31,926642.0,235383.0
2020-09-01,726191.0,241949.0
2020-09-02,622119.0,268519.0
2020-09-03,858902.0,282569.0
2020-09-04,512205.0,280719.0
2020-09-05,705921.0,255804.0
2020-09-06,1109827.0,267118.0
2020-09-07,1176839.0,222156.0
2020-09-08,1313040.0,189488.0
2020-09-09,989232.0,180893.0
2020-09-10,520283.0,162872.0
2020-09-11,321921.0,171505.0
2020-09-12,392488.0,200699.0
2020-09-13,341851.0,201118.0
2020-09-14,517721.0,198350.0
2020-09-15,563343.0,204719.0
2020-09-16,570085.0,202580.0
2020-09-17,439967.0,176833.0
2020-09-18,596594.0,192788.0
2020-09-19,902385.0,226566.0
2020-09-20,962358.0,237039.0
2020-09-21,782931.0,230962.0
2020-09-22,582844.0,248208.0
2020-09-23,544209.0,234623.0
2020-09-24,643159.0,218385.0
2020-09-25,1006590.0,218463.0
2020-09-26,1339741.0,219004.0
2020-09-27,1240782.0,212988.0
2020-09-28,1133931.0,217733.0
2020-09-29,615487.0,219184.0
2020-09-30,1009705.0,254642.0
2020-10-01,846189.0,252526.0
2020-10-02,598915.0,236570.0
2020-10-03,626293.0,229788.0
2020-10-04,580394.0,212265.0
2020-10-05,1096991.0,218754.0
2020-10-06,808961.0,208553.0
2020-10-07,801390.0,228698.0
2020-10-08,1005552.0,212471.0
2020-10-09,1127165.0,200102.0
2020-10-10,917856.0,182213.0
2020-10-11,1302191.0,199715.0
2020-10-12,1140277.0,201641.0
2020-10-13,981746.0,229838.0
2020-10-14,1390340.0,241189.0
2020-10-15,1268480.0,206519.0
2020-10-16,978152.0,202603.0
2020-10-17,1347436.0,221867.0
2020-10-18,1138881.0,221038.0
2020-10-19,505539.0,205795.0
2020-10-20,783460.0,188199.0
2020-10-21,950276.0,180420.0
2020-10-22,1258730.0,182041.0
2020-10-23,1250310.0,169704.0
2020-10-24,657112.0,169587.0
2020-10-25,1012426.0,145358.0
2020-10-26,737862.0,153995.0
2020-10-27,462830.0,158499.0
2020-10-28,692825.0,174319.0
2020-10-29,871592.0,175138.0
2020-10-30,639699.0,209183.0
2020-10-31,1113001.0,180706.0
2020-11-01,991226.0,161949.0
2020-11-02,1010038.0,210100.0
2020-11-03,1208279.0,198244.0
2020-11-04,1228546.0,206759.0
2020-11-05,813364.0,180571.0
2020-11-06,1056249.0,153280.0
2020-11-07,1459798.0,149675.0
2020-11-08,1479457.0,128281.0
2020-11-09,1426101.0,154989.0
2020-11-10,1029092.0,177371.0
2020-11-11,700790.0,158814.0
2020-11-12,830908.0,158173.0
2020-11-13,986752.0,159319.0
2020-11-14,1514896.0,181133.0
2020-11-15,1326174.0,183802.0
2020-11-16,1065803.0,208118.0
2020-11-17,1021420.0,187784.0
2020-11-18,1564060.0,176384.0
2020-11-19,1525262.0,185791.0
2020-11-20,960450.0,161552.0
2020-11-21,554851.0,168279.0
2020-11-22,809857.0,142052.0
2020-11-23,1133909.0,160458.0
2020-11-24,1364946.0,186631.0
2020-11-25,997689.0,181119.0
2020-11-26,1131914.0,167320.0
2020-11-27,984967.0,157260.0
2020-11-28,887198.0,161853.0
2020-11-29,1189123.0,160315.0
2020-11-30,1118545.0,156972.0
2020-12-01,1218325.0,179531.0
2020-12-02,1165745.0,172579.0
2020-12-03,1117178.0,175100.0
2020-12-04,684958.0,159616.0
2020-12-05,631051.0,163040.0
2020-12-06,560867.0,172877.0
2020-12-07,531486.0,127974.0
2020-12-08,716203.0,170108.0
2020-12-09,862546.0,168752.0
2020-12-10,1089169.0,160596.0
2020-12-11,1048683.0,147432.0
2020-12-12,935691.0,127440.0
2020-12-13,975515.0,115189.0
2020-12-14,912207.0,134328.0
2020-12-15,918420.0,150717.0
2020-12-16,643179.0,130543.0
2020-12-17,830818.0,119450.0
2020-12-18,1445097.0,161922.0
2020-12-19,942535.0,181794.0
2020-12-20,1074289.0,143983.0
2020-12-21,1084782.0,167878.0
2020-12-22,1614413.0,169756.0
2020-12-23,1767098.0,164151.0
2020-12-24,1464974.0,92446.0
2020-12-25,973556.0,176654.0
2020-12-26,1198662.0,182161.0
2020-12-27,1167027.0,159894.0
2020-12-28,1013822.0,132876.0
2020-12-29,1305378.0,164441.0
2020-12-30,1443791.0,138391.0
2020-12-31,1045340.0,103904.0
2021-01-01,832739.0,142020.0
2021-01-02,757094.0,135696.0
2021-01-03,937471.0,153534.0
2021-01-04,958770.0,175560.0
2021-01-05,1082476.0,177132.0
2021-01-06,1267084.0,155375.0
2021-01-07,648927.0,153425.0
2021-01-08,426244.0,138378.0
2021-01-09,311349.0,154353.0
2021-01-10,496614.0,166078.0
2021-01-11,805621.0,145229.0
2021-01-12,848945.0,140496.0
2021-01-13,1217018.0,169131.0
2021-01-14,1479838.0,178573.0
2021-01-15,1411484.0,188339.0
2021-01-16,962194.0,190718.0
2021-01-17,929886.0,198075.0
2021-01-18,1090144.0,211086.0
2021-01-19,1292832.0,166827.0
2021-01-20,1244652.0,160326.0
2021-01-21,1128238.0,156065.0
2021-01-22,816593.0,146060.0
2021-01-23,957329.0,155216.0
2021-01-24,802314.0,157913.0
2021-01-25,1194947.0,115728.0
2021-01-26,822433.0,158641.0
2021-01-27,747582.0,135829.0
2021-01-28,1107487.0,170190.0
2021-01-29,1356718.0,190718.0
2021-01-30,1473505.0,197057.0
2021-01-31,1279917.0,157123.0
2021-02-01,745502.0,128032.0
2021-02-02,1053743.0,203134.0
2021-02-03,1379580.0,221095.0
2021-02-04,1655969.0,221828.0
2021-02-05,1333874.0,200943.0
2021-02-06,1290248.0,194888.0
2021-02-07,940063.0,206024.0
2021-02-08,608410.0,222021.0
2021-02-09,465720.0,148323.0
2021-02-10,436723.0,171809.0
2021-02-11,598061.0,142882.0
2021-02-12,690633.0,137661.0
2021-02-13,572897.0,114027.0
2021-02-14,779677.0,142760.0
2021-02-15,610711.0,134304.0
2021-02-16,667283.0,206541.0
2021-02-17,362840.0,226007.0
2021-02-18,419997.0,188909.0
2021-02-19,687230.0,206855.0
2021-02-20,1127788.0,238459.0
2021-02-21,1350426.0,251118.0
2021-02-22,1433305.0,227165.0
2021-02-23,1387530.0,263042.0
2021-02-24,1308940.0,292034.0
2021-02-25,976926.0,264471.0
2021-02-26,1179935.0,236010.0
2021-02-27,1300733.0,235473.0
2021-02-28,1529139.0,230321.0
2021-03-01,987897.0,222195.0
2021-03-02,1156069.0,247030.0
2021-03-03,921597.0,230879.0
2021-03-04,1252671.0,290005.0
2021-03-05,1113535.0,271160.0
2021-03-06,1004476.0,251477.0
2021-03-07,1393630.0,268484.0
2021-03-08,1529264.0,284621.0
2021-03-09,1613381.0,244077.0
2021-03-10,1629510.0,242112.0
2021-03-11,1157906.0,226599.0
2021-03-12,1043038.0,232348.0
2021-03-13,1240765.0,226574.0
2021-03-14,1504164.0,245914.0
2021-03-15,1291509.0,236070.0
2021-03-16,831970.0,227001.0
2021-03-17,1239600.0,218014.0
2021-03-18,1368374.0,243821.0
2021-03-19,956103.0,262466.0
2021-03-20,1409091.0,268940.0
2021-03-21,1732261.0,242510.0
2021-03-22,1406936.0,268021.0
2021-03-23,1338206.0,256623.0
2021-03-24,1399775.0,259409.0
2021-03-25,875043.0,237770.0
2021-03-26,1195156.0,258349.0
2021-03-27,1205699.0,301150.0
2021-03-28,1291828.0,289304.0
2021-03-29,1852247.0,314456.0
2021-03-30,1699717.0,309904.0
2021-03-31,1302008.0,299464.0
2021-04-01,1083778.0,317888.0
2021-04-02,1543181.0,334032.0
2021-04-03,1274242.0,339588.0
2021-04-04,1164849.0,303569.0
2021-04-05,1611708.0,312447.0
2021-04-06,1647466.0,321216.0
2021-04-07,1442506.0,341303.0
2021-04-08,1214697.0,328548.0
2021-04-09,1455042.0,289603.0
2021-04-10,1171191.0,315591.0
2021-04-11,1235469.0,289436.0
2021-04-12,1368996.0,348061.0
2021-04-13,1312093.0,316737.0
2021-04-14,1032326.0,293512.0
2021-04-15,771449.0,259385.0
2021-04-16,817337.0,290987.0
2021-04-17,924655.0,295935.0
2021-04-18,662377.0,332273.0
2021-04-19,1161206.0,343396.0
2021-04-20,1115860.0,304293.0
2021-04-21,861772.0,348593.0
2021-04-22,1398183.0,347500.0
2021-04-23,1280059.0,353448.0
2021-04-24,977866.0,288902.0
2021-04-25,1548911.0,262476.0
2021-04-26,1680128.0,289826.0
2021-04-27,1529865.0,303680.0
2021-04-28,1053558.0,341776.0
2021-04-29,1129793.0,317334.0
2021-04-30,1000873.0,336283.0
2021-05-01,1306622.0,331905.0
2021-05-02,1459588.0,313644.0
2021-05-03,1365109.0,321469.0
2021-05-04,1093451.0,347027.0
2021-05-05,727341.0,361816.0
2021-05-06,937843.0,378163.0
2021-05-07,1393644.0,330656.0
2021-05-08,1656336.0,318810.0
2021-05-09,1260513.0,358944.0
2021-05-10,843997.0,306035.0
2021-05-11,797654.0,332242.0
2021-05-12,663511.0,304108.0
2021-05-13,751565.0,365825.0
2021-05-14,1164127.0,375996.0
2021-05-15,1031393.0,356447.0
2021-05-16,837810.0,337040.0
2021-05-17,1061411.0,362198.0
2021-05-18,1076028.0,355427.0
2021-05-19,935929.0,364331.0
2021-05-20,1195313.0,374578.0
2021-05-21,1506211.0,338777.0
2021-05-22,1214229.0,311296.0
2021-05-23,1276548.0,318630.0
2021-05-24,1309778.0,364163.0
2021-05-25,1244265.0,350946.0
2021-05-26,1196855.0,353253.0
2021-05-27,1349809.0,375207.0
2021-05-28,1251549.0,359238.0
2021-05-29,920651.0,355176.0
2021-05-30,811062.0,321771.0
2021-05-31,643650.0,346822.0
2021-06-01,332768.0,371189.0
2021-06-02,387447.0,336275.0
2021-06-03,643403.0,325259.0
2021-06-04,963658.0,362195.0
2021-06-05,1249117.0,370908.0
2021-06-06,1367092.0,366759.0
2021-06-07,936992.0,314370.0
2021-06-08,965597.0,358297.0
2021-06-09,882042.0,354673.0
2021-06-10,1089733.0,360990.0
2021-06-11,1196032.0,371503.0
2021-06-12,726968.0,361942.0
2021-06-13,665116.0,385296.0
2021-06-14,721461.0,366060.0
2021-06-15,586996.0,362447.0
2021-06-16,882944.0,362705.0
2021-06-17,953064.0,367160.0
2021-06-18,971798.0,352495.0
2021-06-19,990892.0,341553.0
2021-06-20,1305547.0,344127.0
2021-06-21,1286260.0,339557.0
2021-06-22,844895.0,303312.0
2021-06-23,1507493.0,311930.0
2021-06-24,1383481.0,359192.0
2021-06-25,1133896.0,352899.0
2021-06-26,1064763.0,351922.0
2021-06-27,639821.0,344480.0
2021-06-28,423959.0,323563.0
2021-06-29,351457.0,298382.0
2021-06-30,426449.0,318632.0
2021-07-01,544096.0,358302.0
2021-07-02,531538.0,311466.0
2021-07-03,592866.0,317592.0
2021-07-04,827943.0,365606.0
2021-07-05,710438.0,352451.0
2021-07-06,599100.0,349950.0
2021-07-07,528995.0,342567.0
2021-07-08,542168.0,327062.0
2021-07-09,901241.0,351606.0
2021-07-10,907969.0,346843.0
2021-07-11,811094.0,315142.0
2021-07-12,507883.0,339053.0
2021-07-13,847125.0,348967.0
2021-07-14,1170102.0,345474.0
2021-07-15,990742.0,375397.0
2021-07-16,826670.0,372207.0
2021-07-17,736994.0,366937.0
2021-07-18,466240.0,298577.0
2021-07-19,390600.0,291258.0
2021-07-20,522545.0,323102.0
2021-07-21,628750.0,341234.0
2021-07-22,889969.0,346510.0
2021-07-23,1067101.0,336676.0
2021-07-24,849942.0,332491.0
2021-07-25,621421.0,339586.0
2021-07-26,570260.0,299252.0
2021-07-27,534985.0,352883.0
2021-07-28,695092.0,316687.0
2021-07-29,670378.0,352649.0
2021-07-30,579871.0,327633.0
2021-07-31,670760.0,350005.0
2021-08-01,705778.0,314278.0
2021-08-02,366706.0,349045.0
2021-08-03,364550.0,328219.0
2021-08-04,515225.0,334467.0
2021-08-05,563134.0,348937.0
2021-08-06,985181.0,360702.0
2021-08-07,1306186.0,326858.0
2021-08-08,1143704.0,358174.0
2021-08-09,1164125.0,358127.0
2021-08-10,1270750.0,329777.0
2021-08-11,1312007.0,324981.0
2021-08-12,1166989.0,343444.0
2021-08-13,635784.0,332662.0
2021-08-14,550562.0,282621.0
2021-08-15,649629.0,294672.0
2021-08-16,751937.0,284691.0
2021-08-17,767276.0,294380.0
2021-08-18,768044.0,324476.0
2021-08-19,788270.0,327084.0
2021-08-20,1157087.0,321178.0
2021-08-21,942849.0,330284.0
2021-08-22,1081650.0,347207.0
2021-08-23,1030467.0,359597.0
2021-08-24,1100023.0,360609.0
2021-08-25,845406.0,350604.0
2021-08-26,885652.0,358716.0
2021-08-27,911724.0,349054.0
2021-08-28,982384.0,349854.0
2021-08-29,693180.0,317625.0
2021-08-30,500781.0,302436.0
2021-08-31,750431.0,270311.0
2021-09-01,1063354.0,296668.0
2021-09-02,1055264.0,354092.0
2021-09-03,791655.0,366992.0
2021-09-04,623107.0,370243.0
2021-09-05,522572.0,347120.0
2021-09-06,698606.0,344721.0
2021-09-07,1065099.0,348327.0
2021-09-08,844143.0,314704.0
2021-09-09,608497.0,300699.0
2021-09-10,995611.0,340644.0
2021-09-11,1235626.0,344699.0
2021-09-12,1089475.0,352259.0
2021-09-13,1064341.0,346168.0
2021-09-14,891472.0,341242.0
2021-09-15,730881.0,320791.0
2021-09-16,1118626.0,307522.0
2021-09-17,893772.0,273447.0
2021-09-18,785603.0,297424.0
2021-09-19,1143683.0,310022.0
2021-09-20,1385848.0,298315.0
2021-09-21,1188498.0,253808.0
2021-09-22,795652.0,306720.0
2021-09-23,1079477.0,299340.0
2021-09-24,1106649.0,305988.0
2021-09-25,830195.0,328357.0
2021-09-26,1279525.0,309161.0
2021-09-27,1144134.0,311520.0
2021-09-28,1137004.0,298320.0
2021-09-29,1040251.0,316923.0
2021-09-30,772243.0,297601.0
2021-10-01,325658.0,292105.0
2021-10-02,317362.0,323131.0
2021-10-03,340626.0,295366.0
2021-10-04,310434.0,248422.0
2021-10-05,570782.0,248629.0
2021-10-06,752812.0,257341.0
2021-10-07,820934.0,225717.0
2021-10-08,901495.0,213582.0
2021-10-09,1440522.0,245084.0
2021-10-10,1514252.0,263045.0
2021-10-11,1067791.0,259660.0
2021-10-12,1367125.0,215743.0
2021-10-13,1241156.0,262497.0
2021-10-14,853916.0,302781.0
2021-10-15,1091442.0,297306.0
2021-10-16,909779.0,320665.0
2021-10-17,888177.0,308311.0
2021-10-18,1393418.0,280289.0
2021-10-19,1510009.0,293081.0
2021-10-20,1129695.0,288928.0
2021-10-21,803159.0,261570.0
2021-10-22,716366.0,253825.0
2021-10-23,1206033.0,279107.0
2021-10-24,1280119.0,221318.0
2021-10-25,1123830.0,203469.0
2021-10-26,1690061.0,255359.0
2021-10-27,1539206.0,262096.0
2021-10-28,1514153.0,224997.0
2021-10-29,1310701.0,262061.0
2021-10-30,888451.0,272644.0
2021-10-31,1275957.0,260892.0
2021-11-01,788377.0,226866.0
2021-11-02,589267.0,213584.0
2021-11-03,422714.0,227185.0
2021-11-04,649479.0,211462.0
2021-11-05,1166698.0,226419.0
2021-11-06,1114185.0,237461.0
2021-11-07,1513460.0,236928.0
2021-11-08,1312574.0,281447.0
2021-11-09,909669.0,221739.0
2021-11-10,1460357.0,240982.0
2021-11-11,1328759.0,241259.0
2021-11-12,1553325.0,255859.0
2021-11-13,1213896.0,247337.0
2021-11-14,1182462.0,259900.0
2021-11-15,1044550.0,247327.0
2021-11-16,1754794.0,219485.0
2021-11-17,1731297.0,235206.0
2021-11-18,1325636.0,212094.0
2021-11-19,1499107.0,219724.0
2021-11-20,1103700.0,230995.0
2021-11-21,1269212.0,185620.0
2021-11-22,795275.0,201321.0
2021-11-23,1602631.0,223701.0
2021-11-24,1805333.0,224952.0
2021-11-25,1377027.0,226411.0
2021-11-26,1233137.0,224600.0
2021-11-27,1186350.0,222419.0
2021-11-28,1003382.0,219357.0
2021-11-29,1186040.0,265177.0
2021-11-30,1090488.0,256331.0
2021-12-01,1095476.0,229390.0
2021-12-02,1136386.0,237869.0
2021-12-03,1094538.0,240115.0
2021-12-04,932630.0,206087.0
2021-12-05,1653948.0,178116.0
2021-12-06,1445561.0,176429.0
2021-12-07,917359.0,142049.0
2021-12-08,1019620.0,166899.0
2021-12-09,1579967.0,120121.0
2021-12-10,1702698.0,149240.0
2021-12-11,1630829.0,193033.0
2021-12-12,1840759.0,228033.0
2021-12-13,1368650.0,177370.0
2021-12-14,1662424.0,154410.0
2021-12-15,1881921.0,174463.0
2021-12-16,1379970.0,178290.0
2021-12-17,1078241.0,174878.0
2021-12-18,1248720.0,162645.0
2021-12-19,1125787.0,161080.0
2021-12-20,1030977.0,186989.0
2021-12-21,1025393.0,111936.0
2021-12-22,1054795.0,205366.0
2021-12-23,1588145.0,178102.0
2021-12-24,1862837.0,164299.0
2021-12-25,1048831.0,201319.0
2021-12-26,1577891.0,188177.0
2021-12-27,1349808.0,145182.0
2021-12-28,1385489.0,160805.0
2021-12-29,774987.0,168224.0
2021-12-30,882774.0,129830.0
2021-12-31,1301795.0,136373.0
2022-01-01,1485777.0,192236.0
2022-01-02,1008230.0,205437.0
2022-01-03,1098357.0,220308.0
2022-01-04,1808255.0,220944.0
2022-01-05,1618624.0,213794.0
2022-01-06,1259614.0,229972.0
2022-01-07,1286267.0,237734.0
2022-01-08,1727394.0,228048.0
2022-01-09,1504552.0,194370.0
2022-01-10,858297.0,211166.0
2022-01-11,1449749.0,250668.0
2022-01-12,987997.0,235074.0
2022-01-13,696786.0,223582.0
2022-01-14,1363906.0,224074.0
2022-01-15,1508784.0,149207.0
2022-01-16,934310.0,192309.0
2022-01-17,1072579.0,213457.0
2022-01-18,1615512.0,243316.0
2022-01-19,1728567.0,233507.0
2022-01-20,1100085.0,191931.0
2022-01-21,1182344.0,212116.0
2022-01-22,1033646.0,195728.0
2022-01-23,927750.0,275266.0
2022-01-24,1176918.0,280307.0
2022-01-25,1002830.0,229089.0
2022-01-26,1063372.0,244634.0
2022-01-27,1190212.0,259121.0
2022-01-28,960774.0,226041.0
2022-01-29,1160838.0,241450.0
2022-01-30,888812.0,290530.0
2022-01-31,1277030.0,224867.0
2022-02-01,1660967.0,240044.0
2022-02-02,1651261.0,208348.0
2022-02-03,1437811.0,204060.0
2022-02-04,1116506.0,236717.0
2022-02-05,1448126.0,291013.0
2022-02-06,1436859.0,278395.0
2022-02-07,952473.0,257883.0
2022-02-08,1545129.0,271886.0
2022-02-09,1294492.0,342935.0
2022-02-10,1243756.0,339578.0
2022-02-11,1864963.0,303724.0
2022-02-12,1144063.0,278597.0
2022-02-13,905659.0,296337.0
2022-02-14,1149989.0,324230.0
2022-02-15,1862338.0,247764.0
2022-02-16,2009454.0,251587.0
2022-02-17,1661801.0,239436.0
2022-02-18,1310083.0,313799.0
2022-02-19,1422376.0,330955.0
2022-02-20,1909659.0,300721.0
2022-02-21,1915559.0,251167.0
2022-02-22,1808509.0,259698.0
2022-02-23,1215411.0,242902.0
2022-02-24,547820.0,276562.0
2022-02-25,635543.0,330434.0
2022-02-26,862399.0,312518.0
2022-02-27,901036.0,302702.0
2022-02-28,1077775.0,345647.0
2022-03-01,802931.0,350353.0
2022-03-02,738578.0,377963.0
2022-03-03,1038149.0,336763.0
2022-03-04,1698703.0,271730.0
2022-03-05,1742618.0,270931.0
2022-03-06,1667452.0,303646.0
2022-03-07,1367141.0,320990.0
2022-03-08,871116.0,347777.0
2022-03-09,1088897.0,297495.0
2022-03-10,1117672.0,319080.0
2022-03-11,1469640.0,329568.0
2022-03-12,1459495.0,367351.0
2022-03-13,1698213.0,279878.0
2022-03-14,1695513.0,372486.0
2022-03-15,1099672.0,333125.0
2022-03-16,1558047.0,328968.0
2022-03-17,1558696.0,314848.0
2022-03-18,1353678.0,359950.0
2022-03-19,1021612.0,294442.0
2022-03-20,1707114.0,310387.0
2022-03-21,1756461.0,378643.0
2022-03-22,1761111.0,328284.0
2022-03-23,1703612.0,310738.0
2022-03-24,1132460.0,337185.0
2022-03-25,1142945.0,412338.0
2022-03-26,1280612.0,422638.0
2022-03-27,1328151.0,417159.0
2022-03-28,1482106.0,340387.0
2022-03-29,2017086.0,328511.0
2022-03-30,1870450.0,324591.0
2022-03-31,1239000.0,342749.0
2022-04-01,1310976.0,388682.0
2022-04-02,994055.0,395648.0
2022-04-03,1454398.0,372390.0
2022-04-04,1270304.0,377591.0
2022-04-05,1597651.0,315300.0
2022-04-06,1777382.0,373238.0
2022-04-07,1654791.0,399586.0
2022-04-08,1386347.0,449546.0
2022-04-09,1607166.0,358376.0
2022-04-10,1767287.0,402519.0
2022-04-11,1313777.0,410290.0
2022-04-12,1839630.0,340360.0
2022-04-13,1647177.0,365639.0
2022-04-14,1566510.0,378868.0
2022-04-15,1562638.0,402771.0
2022-04-16,1431805.0,337441.0
2022-04-17,1016827.0,400030.0
2022-04-18,1344830.0,363313.0
2022-04-19,1765852.0,366714.0
2022-04-20,1638753.0,427069.0
2022-04-21,1582396.0,385083.0
2022-04-22,1900156.0,355826.0
2022-04-23,1925800.0,410093.0
2022-04-24,1565389.0,433593.0
2022-04-25,1394457.0,417837.0
2022-04-26,1149429.0,388658.0
2022-04-27,1628648.0,432833.0
2022-04-28,1689791.0,435192.0
2022-04-29,1848832.0,425251.0
2022-04-30,1577263.0,415438.0
2022-05-01,1587548.0,367433.0
2022-05-02,1450223.0,425682.0
2022-05-03,1251495.0,404230.0
2022-05-04,948895.0,418151.0
2022-05-05,1027138.0,410037.0
2022-05-06,973103.0,422170.0
2022-05-07,1651987.0,415178.0
2022-05-08,1642875.0,438216.0
2022-05-09,1957606.0,460178.0
2022-05-10,1578553.0,450330.0
2022-05-11,1470548.0,425625.0
2022-05-12,1644085.0,415644.0
2022-05-13,1141258.0,452823.0
2022-05-14,845776.0,466309.0
2022-05-15,1067876.0,454161.0
2022-05-16,1160155.0,486584.0
2022-05-17,1531778.0,473819.0
2022-05-18,1134700.0,488589.0
2022-05-19,1557268.0,475945.0
2022-05-20,1693795.0,455835.0
2022-05-21,1324003.0,421373.0
2022-05-22,949674.0,408171.0
2022-05-23,1028231.0,403701.0
2022-05-24,1058750.0,405216.0
2022-05-25,1364443.0,406772.0
2022-05-26,1011689.0,446234.0
2022-05-27,1071949.0,432341.0
2022-05-28,1629847.0,448346.0
2022-05-29,1896497.0,413539.0
2022-05-30,1920217.0,463177.0
2022-05-31,1591971.0,483467.0
2022-06-01,1019423.0,478027.0
2022-06-02,697415.0,421825.0
2022-06-03,793593.0,431922.0
2022-06-04,856860.0,437329.0
2022-06-05,1141366.0,465481.0
2022-06-06,1027186.0,491306.0
2022-06-07,833182.0,487771.0
2022-06-08,998992.0,428046.0
2022-06-09,758027.0,452983.0
2022-06-10,727462.0,480903.0
2022-06-11,1054640.0,464282.0
2022-06-12,1284913.0,463918.0
2022-06-13,1771890.0,447705.0
2022-06-14,1811010.0,435437.0
2022-06-15,1525603.0,488597.0
2022-06-16,1437297.0,489811.0
2022-06-17,1233273.0,483581.0
2022-06-18,1474294.0,451084.0
2022-06-19,1510052.0,472910.0
2022-06-20,1501351.0,500709.0
2022-06-21,1226399.0,499235.0
2022-06-22,740697.0,418369.0
2022-06-23,972432.0,476906.0
2022-06-24,1246129.0,496890.0
2022-06-25,1245340.0,488353.0
2022-06-26,1279746.0,469201.0
2022-06-27,715174.0,459527.0
2022-06-28,794310.0,470648.0
2022-06-29,1047068.0,455124.0
2022-06-30,1253728.0,474193.0
2022-07-01,950082.0,461954.0
2022-07-02,806114.0,473258.0
2022-07-03,1086394.0,448844.0
2022-07-04,1317369.0,463752.0
2022-07-05,1255662.0,465361.0
2022-07-06,923414.0,477871.0
2022-07-07,720816.0,486759.0
2022-07-08,732799.0,467012.0
2022-07-09,738406.0,446862.0
2022-07-10,878919.0,437961.0
2022-07-11,977140.0,457100.0
2022-07-12,941296.0,466202.0
2022-07-13,656886.0,422107.0
2022-07-14,909313.0,411125.0
2022-07-15,856104.0,452244.0
2022-07-16,804762.0,467101.0
2022-07-17,682185.0,447535.0
2022-07-18,844918.0,439220.0
2022-07-19,1324244.0,466225.0
2022-07-20,1257218.0,449666.0
2022-07-21,1011408.0,424689.0
2022-07-22,1148352.0,441721.0
2022-07-23,1469595.0,441091.0
2022-07-24,1223512.0,440576.0
2022-07-25,937469.0,424190.0
2022-07-26,882024.0,422868.0
2022-07-27,856687.0,428805.0
2022-07-28,866871.0,436098.0
2022-07-29,699893.0,436023.0
2022-07-30,702423.0,431789.0
2022-07-31,1001797.0,399095.0
2022-08-01,1082766.0,405693.0
2022-08-02,1439944.0,455639.0
2022-08-03,1374998.0,437500.0
2022-08-04,1060305.0,379437.0
2022-08-05,969790.0,419114.0
2022-08-06,1157590.0,451259.0
2022-08-07,956665.0,445682.0
2022-08-08,780184.0,422286.0
2022-08-09,549138.0,397465.0
2022-08-10,461368.0,413314.0
2022-08-11,644296.0,395888.0
2022-08-12,814780.0,395136.0
2022-08-13,813897.0,416964.0
2022-08-14,654375.0,425957.0
2022-08-15,806262.0,416215.0
2022-08-16,648062.0,382029.0
2022-08-17,480521.0,408759.0
2022-08-18,555304.0,399932.0
2022-08-19,737040.0,380418.0
2022-08-20,790143.0,383378.0
2022-08-21,597132.0,372648.0
2022-08-22,576461.0,369297.0
2022-08-23,420757.0,391283.0
2022-08-24,429199.0,378228.0
2022-08-25,403560.0,373502.0
2022-08-26,691300.0,413187.0
2022-08-27,1218310.0,438236.0
2022-08-28,1332150.0,418978.0
2022-08-29,1028635.0,414039.0
2022-08-30,621729.0,398527.0
2022-08-31,569366.0,407819.0
2022-09-01,599535.0,377155.0
2022-09-02,751752.0,395182.0
2022-09-03,701868.0,391283.0
2022-09-04,596317.0,380289.0
2022-09-05,636203.0,394481.0
2022-09-06,491421.0,407643.0
2022-09-07,569646.0,400346.0
2022-09-08,824455.0,341483.0
2022-09-09,915706.0,317755.0
2022-09-10,771832.0,268471.0
2022-09-11,630489.0,331017.0
2022-09-12,605684.0,351747.0
2022-09-13,879983.0,382792.0
2022-09-14,1246864.0,414201.0
2022-09-15,1286797.0,431076.0
2022-09-16,1201292.0,427984.0
2022-09-17,1334542.0,414755.0
2022-09-18,1114215.0,402410.0
2022-09-19,1029988.0,404815.0
2022-09-20,1171773.0,403552.0
2022-09-21,1220805.0,401616.0
2022-09-22,1025437.0,422135.0
2022-09-23,1035049.0,440127.0
2022-09-24,910097.0,421821.0
2022-09-25,1123626.0,392400.0
2022-09-26,852600.0,426839.0
2022-09-27,836492.0,386803.0
2022-09-28,953531.0,363895.0
2022-09-29,1098999.0,359607.0
2022-09-30,1098971.0,367360.0
2022-10-01,964693.0,387172.0
2022-10-02,891886.0,367272.0
2022-10-03,821055.0,357309.0
2022-10-04,620307.0,382783.0
2022-10-05,449582.0,378655.0
2022-10-06,638943.0,382879.0
2022-10-07,689632.0,360723.0
2022-10-08,630036.0,354181.0
2022-10-09,647985.0,361764.0
2022-10-10,804406.0,343896.0
2022-10-11,1627024.0,351004.0
2022-10-12,1365003.0,325419.0
2022-10-13,1130161.0,334721.0
2022-10-14,1227151.0,376331.0
2022-10-15,1265306.0,339871.0
2022-10-16,1235079.0,293860.0
2022-10-17,1189318.0,288118.0
2022-10-18,850430.0,344839.0
2022-10-19,811800.0,381799.0
2022-10-20,1006934.0,383856.0
2022-10-21,1517693.0,382907.0
2022-10-22,1864999.0,334725.0
2022-10-23,1994365.0,288456.0
2022-10-24,1615673.0,314648.0
2022-10-25,1189543.0,335468.0
2022-10-26,1163095.0,320806.0
2022-10-27,1502855.0,329837.0
2022-10-28,1034537.0,283867.0
2022-10-29,702101.0,295087.0
2022-10-30,419341.0,296834.0
2022-10-31,587414.0,268662.0
2022-11-01,1179737.0,271639.0
2022-11-02,1680899.0,259012.0
2022-11-03,1897412.0,239508.0
2022-11-04,1755580.0,274298.0
2022-11-05,1711538.0,269235.0
2022-11-06,1568529.0,285067.0
2022-11-07,1295606.0,252709.0
2022-11-08,1739552.0,246900.0
2022-11-09,1752502.0,239019.0
2022-11-10,1645940.0,255367.0
2022-11-11,1625250.0,219124.0
2022-11-12,894140.0,301209.0
2022-11-13,1236997.0,296187.0
2022-11-14,937994.0,294034.0
2022-11-15,742854.0,242632.0
2022-11-16,975124.0,279591.0
2022-11-17,1371158.0,314515.0
2022-11-18,1439944.0,281972.0
2022-11-19,1358340.0,262131.0
2022-11-20,1288284.0,240783.0
2022-11-21,989136.0,282178.0
2022-11-22,970378.0,255093.0
2022-11-23,1263276.0,248333.0
2022-11-24,1328097.0,218551.0
2022-11-25,1307988.0,191264.0
2022-11-26,1284827.0,229103.0
2022-11-27,1189639.0,250327.0
2022-11-28,1532005.0,243465.0
2022-11-29,1771345.0,258342.0
2022-11-30,1496828.0,241729.0
2022-12-01,1692777.0,225064.0
2022-12-02,1857894.0,207230.0
2022-12-03,1312199.0,169948.0
2022-12-04,1112961.0,186031.0
2022-12-05,1332172.0,184843.0
2022-12-06,815149.0,169508.0
2022-12-07,666766.0,183734.0
2022-12-08,853681.0,219426.0
2022-12-09,826655.0,199763.0
2022-12-10,712090.0,154984.0
2022-12-11,804830.0,143532.0
2022-12-12,1568221.0,149416.0
2022-12-13,1716704.0,206775.0
2022-12-14,1393242.0,202242.0
2022-12-15,1328399.0,209444.0
2022-12-16,1502953.0,234098.0
2022-12-17,1270521.0,223164.0
2022-12-18,1242437.0,232645.0
2022-12-19,1098385.0,244809.0
2022-12-20,796026.0,169931.0
2022-12-21,895241.0,198901.0
2022-12-22,1719268.0,133824.0
2022-12-23,1353519.0,252318.0
2022-12-24,1005635.0,278621.0
2022-12-25,1105662.0,243937.0
2022-12-26,1064509.0,185402.0
2022-12-27,1734507.0,172968.0
2022-12-28,2051121.0,228295.0
2022-12-29,1543976.0,174517.0
2022-12-30,929852.0,161225.0
2022-12-31,1406325.0,121325.0
2023-01-01,1052138.0,183276.0
2023-01-02,1158965.0,177394.0
2023-01-03,1344638.0,186587.0
2023-01-04,1276591.0,171882.0
2023-01-05,1089282.0,207838.0
2023-01-06,1191655.0,266132.0
2023-01-07,843417.0,220623.0
2023-01-08,774872.0,214264.0
2023-01-09,1401261.0,219624.0
2023-01-10,1197900.0,226959.0
2023-01-11,1329550.0,212835.0
2023-01-12,1673782.0,199488.0
2023-01-13,979391.0,210085.0
2023-01-14,1676450.0,168595.0
2023-01-15,1866635.0,193857.0
2023-01-16,1563212.0,213882.0
2023-01-17,1166403.0,204592.0
2023-01-18,1405413.0,219680.0
2023-01-19,1317065.0,234027.0
2023-01-20,1111330.0,261557.0
2023-01-21,957812.0,232851.0
2023-01-22,727754.0,234505.0
2023-01-23,1243329.0,282606.0
2023-01-24,1029499.0,275259.0
2023-01-25,1429270.0,242779.0
2023-01-26,1371835.0,336874.0
2023-01-27,1800632.0,335050.0
2023-01-28,1661179.0,289546.0
2023-01-29,1365685.0,225017.0
2023-01-30,882817.0,165311.0
2023-01-31,797600.0,200908.0
2023-02-01,738180.0,264714.0
2023-02-02,1217002.0,238664.0
2023-02-03,1201773.0,291241.0
2023-02-04,1829435.0,305328.0
2023-02-05,1389005.0,288551.0
2023-02-06,2042864.0,312280.0
2023-02-07,1720634.0,295384.0
2023-02-08,1155237.0,325990.0
2023-02-09,1700416.0,334662.0
2023-02-10,1508732.0,289283.0
2023-02-11,1073660.0,296895.0
2023-02-12,1355470.0,270418.0
2023-02-13,1526792.0,344953.0
2023-02-14,2030972.0,292515.0
2023-02-15,1951594.0,324817.0
2023-02-16,1688467.0,285029.0
2023-02-17,1249080.0,302078.0
2023-02-18,1771382.0,348898.0
2023-02-19,1639735.0,308684.0
2023-02-20,1486169.0,307995.0
2023-02-21,1747292.0,289146.0
2023-02-22,1891705.0,265225.0
2023-02-23,1491154.0,278696.0
2023-02-24,800818.0,257242.0
2023-02-25,780385.0,204603.0
2023-02-26,1598912.0,275934.0
2023-02-27,1755927.0,316212.0
2023-02-28,1387800.0,344366.0
2023-03-01,1310529.0,249437.0
2023-03-02,1278635.0,304606.0
2023-03-03,1252508.0,358688.0
2023-03-04,986197.0,401561.0
2023-03-05,1596686.0,340825.0
2023-03-06,1421847.0,368011.0
2023-03-07,1217144.0,358521.0
2023-03-08,1042740.0,335743.0
2023-03-09,881484.0,316448.0
2023-03-10,1200422.0,227167.0
2023-03-11,1628190.0,323304.0
2023-03-12,1259056.0,303983.0
2023-03-13,1247311.0,365425.0
2023-03-14,1355080.0,332538.0
2023-03-15,2033384.0,325044.0
2023-03-16,2031648.0,359443.0
2023-03-17,1714036.0,356741.0
2023-03-18,1465655.0,332492.0
2023-03-19,1319689.0,355253.0
2023-03-20,1810700.0,340444.0
2023-03-21,1767405.0,301795.0
2023-03-22,1492594.0,318234.0
2023-03-23,1292997.0,386545.0
2023-03-24,1211468.0,376786.0
2023-03-25,1324703.0,355235.0
2023-03-26,1165655.0,368481.0
2023-03-27,823496.0,383400.0
2023-03-28,1122370.0,357788.0
2023-03-29,1251622.0,369135.0
2023-03-30,1870277.0,356264.0
2023-03-31,1962523.0,326398.0
2023-04-01,1426920.0,389496.0
2023-04-02,1783583.0,396263.0
2023-04-03,1557090.0,369169.0
2023-04-04,1863320.0,358323.0
2023-04-05,1634255.0,403243.0
2023-04-06,1132375.0,387583.0
2023-04-07,1170965.0,336424.0
2023-04-08,1088615.0,344101.0
2023-04-09,1090540.0,428555.0
2023-04-10,786738.0,489584.0
2023-04-11,1519762.0,506785.0
2023-04-12,1804721.0,447864.0
2023-04-13,1831355.0,436848.0
2023-04-14,1620821.0,441205.0
2023-04-15,1499263.0,469784.0
2023-04-16,1401929.0,465714.0
2023-04-17,1788571.0,454794.0
2023-04-18,1837839.0,474048.0
2023-04-19,1906054.0,449972.0
2023-04-20,1628667.0,507691.0
2023-04-21,1250390.0,505309.0
2023-04-22,1534360.0,436827.0
2023-04-23,854545.0,409192.0
2023-04-24,1016903.0,439785.0
2023-04-25,1144566.0,462787.0
2023-04-26,1044111.0,474677.0
2023-04-27,1018754.0,448293.0
2023-04-28,1433310.0,418068.0
2023-04-29,1350514.0,444935.0
2023-04-30,1486893.0,481406.0
2023-05-01,1530186.0,510644.0
2023-05-02,1377013.0,478507.0
2023-05-03,786074.0,504218.0
2023-05-04,1135585.0,456737.0
2023-05-05,1278512.0,471506.0
2023-05-06,1389712.0,431819.0
2023-05-07,1299979.0,427294.0
2023-05-08,959667.0,500655.0
2023-05-09,1147663.0,491692.0
2023-05-10,1284448.0,471271.0
2023-05-11,1241612.0,516018.0
2023-05-12,1199446.0,480955.0
2023-05-13,1125439.0,448963.0
2023-05-14,917609.0,466251.0
2023-05-15,707373.0,478698.0
2023-05-16,507363.0,460621.0
2023-05-17,600216.0,510790.0
2023-05-18,855195.0,477410.0
2023-05-19,1253207.0,449784.0
2023-05-20,665782.0,449931.0
2023-05-21,603878.0,455440.0
2023-05-22,757068.0,478470.0
2023-05-23,767228.0,503136.0
2023-05-24,880080.0,496772.0
2023-05-25,1179655.0,516557.0
2023-05-26,1281432.0,487711.0
2023-05-27,1265517.0,477183.0
2023-05-28,1076579.0,498841.0
2023-05-29,858730.0,535822.0
2023-05-30,963322.0,521491.0
2023-05-31,1202030.0,496500.0
2023-06-01,1123086.0,508484.0
2023-06-02,1066003.0,529529.0
2023-06-03,612385.0,522380.0
2023-06-04,547132.0,518255.0
2023-06-05,406776.0,494379.0
2023-06-06,421635.0,515492.0
2023-06-07,478413.0,462591.0
2023-06-08,488783.0,544801.0
2023-06-09,622585.0,559564.0
2023-06-10,807619.0,539500.0
2023-06-11,1138284.0,508212.0
2023-06-12,952225.0,494185.0
2023-06-13,834091.0,525575.0
2023-06-14,699597.0,518366.0
2023-06-15,986774.0,511701.0
2023-06-16,716135.0,524694.0
2023-06-17,865441.0,548527.0
2023-06-18,884588.0,553360.0
2023-06-19,1278033.0,518443.0
2023-06-20,1338471.0,520011.0
2023-06-21,1062141.0,497396.0
2023-06-22,821714.0,508742.0
2023-06-23,949215.0,529551.0
2023-06-24,1206126.0,571334.0
2023-06-25,1378190.0,587279.0
2023-06-26,1195977.0,584643.0
2023-06-27,1217958.0,587154.0
2023-06-28,1376709.0,588177.0
2023-06-29,1185101.0,578918.0
2023-06-30,945459.0,560958.0
2023-07-01,736355.0,541627.0
2023-07-02,509993.0,558822.0
2023-07-03,616775.0,567558.0
2023-07-04,952753.0,577552.0
2023-07-05,984552.0,559864.0
2023-07-06,778028.0,565142.0
2023-07-07,1006326.0,561816.0
2023-07-08,744379.0,551602.0
2023-07-09,812705.0,553891.0
2023-07-10,958468.0,544962.0
2023-07-11,1067415.0,580192.0
2023-07-12,1223376.0,579123.0
2023-07-13,984994.0,569067.0
2023-07-14,971652.0,544344.0
2023-07-15,778767.0,530581.0
2023-07-16,770168.0,508492.0
2023-07-17,998993.0,535864.0
2023-07-18,1191478.0,545453.0
2023-07-19,1037391.0,548648.0
2023-07-20,942278.0,577727.0
2023-07-21,748462.0,584551.0
2023-07-22,457190.0,523122.0
2023-07-23,598163.0,490260.0
2023-07-24,947893.0,554373.0
2023-07-25,1237978.0,558403.0
2023-07-26,1143902.0,575279.0
2023-07-27,1139186.0,578409.0
2023-07-28,1044606.0,547377.0
2023-07-29,926461.0,531391.0
2023-07-30,776134.0,529000.0
2023-07-31,840722.0,514452.0
2023-08-01,950005.0,524786.0
2023-08-02,922640.0,559978.0
2023-08-03,858296.0,549296.0
2023-08-04,809651.0,540560.0
2023-08-05,1088275.0,577202.0
2023-08-06,1069404.0,562606.0
2023-08-07,873992.0,557656.0
2023-08-08,862906.0,546880.0
2023-08-09,1006988.0,531271.0
2023-08-10,885460.0,487900.0
2023-08-11,1130084.0,547368.0
2023-08-12,997665.0,559195.0
2023-08-13,918080.0,543249.0
2023-08-14,1068409.0,514093.0
2023-08-15,502925.0,513436.0
2023-08-16,822882.0,516574.0
2023-08-17,970987.0,534738.0
2023-08-18,1169873.0,552198.0
2023-08-19,1232821.0,486748.0
2023-08-20,931201.0,404555.0
2023-08-21,861565.0,474210.0
2023-08-22,913248.0,505463.0
2023-08-23,1012931.0,538762.0
2023-08-24,793207.0,534860.0
2023-08-25,820299.0,550644.0
2023-08-26,768169.0,520799.0
2023-08-27,516832.0,520446.0
2023-08-28,395453.0,511736.0
2023-08-29,620660.0,519703.0
2023-08-30,764426.0,499516.0
2023-08-31,1028916.0,526405.0
2023-09-01,1138312.0,457360.0
2023-09-02,1087600.0,467518.0
2023-09-03,1300383.0,524291.0
2023-09-04,1731317.0,552519.0
2023-09-05,1467176.0,555207.0
2023-09-06,994621.0,564899.0
2023-09-07,852036.0,544390.0
2023-09-08,779590.0,524082.0
2023-09-09,647257.0,495322.0
2023-09-10,726112.0,421274.0
2023-09-11,710302.0,430929.0
2023-09-12,607146.0,412309.0
2023-09-13,574668.0,439575.0
2023-09-14,664025.0,480223.0
2023-09-15,507046.0,490164.0
2023-09-16,406370.0,488091.0
2023-09-17,489627.0,480437.0
2023-09-18,1157055.0,525430.0
2023-09-19,1295832.0,525366.0
2023-09-20,955305.0,494166.0
2023-09-21,1083714.0,465931.0
2023-09-22,1089437.0,453179.0
2023-09-23,1132268.0,462985.0
2023-09-24,791095.0,511981.0
2023-09-25,518495.0,466722.0
2023-09-26,663073.0,470823.0
2023-09-27,822564.0,406871.0
2023-09-28,1210709.0,456142.0
2023-09-29,1380362.0,463574.0
2023-09-30,1370014.0,397517.0
2023-10-01,1335092.0,436034.0
2023-10-02,1309456.0,468884.0
2023-10-03,1337108.0,461026.0
2023-10-04,1099846.0,450125.0
2023-10-05,960876.0,426095.0
2023-10-06,1117097.0,439293.0
2023-10-07,795055.0,477542.0
2023-10-08,800379.0,489150.0
2023-10-09,729739.0,467314.0
2023-10-10,989071.0,433662.0
2023-10-11,1388506.0,359885.0
2023-10-12,1602319.0,368159.0
2023-10-13,1445150.0,382654.0
2023-10-14,1157874.0,336975.0
2023-10-15,990478.0,423704.0
2023-10-16,564333.0,462082.0
2023-10-17,926426.0,489632.0
2023-10-18,1425657.0,471603.0
2023-10-19,852595.0,455269.0
2023-10-20,748277.0,442497.0
2023-10-21,1300207.0,437684.0
2023-10-22,1326305.0,391261.0
2023-10-23,1618362.0,379903.0
2023-10-24,1534708.0,386082.0
2023-10-25,1139452.0,364896.0
2023-10-26,1317877.0,374113.0
2023-10-27,1464725.0,358575.0
2023-10-28,971210.0,364738.0
2023-10-29,1384996.0,322535.0
2023-10-30,1234311.0,383997.0
2023-10-31,1073403.0,404652.0
2023-11-01,1137288.0,427746.0
2023-11-02,1266359.0,458537.0
2023-11-03,1461499.0,432586.0
2023-11-04,819532.0,419432.0
2023-11-05,1239203.0,366429.0
2023-11-06,1509527.0,391159.0
2023-11-07,1574504.0,395997.0
2023-11-08,1604340.0,389778.0
2023-11-09,1380608.0,296603.0
2023-11-10,799919.0,273119.0
2023-11-11,988770.0,279606.0
2023-11-12,1005236.0,292000.0
2023-11-13,933646.0,266410.0
2023-11-14,1169821.0,297802.0
2023-11-15,874248.0,217736.0
2023-11-16,1609585.0,237135.0
2023-11-17,1056922.0,285948.0
2023-11-18,675249.0,304568.0
2023-11-19,1447725.0,334317.0
2023-11-20,1620799.0,299407.0
2023-11-21,1732936.0,245308.0
2023-11-22,982504.0,316286.0
2023-11-23,1456420.0,310985.0
2023-11-24,1085390.0,302713.0
2023-11-25,542822.0,305627.0
2023-11-26,1305044.0,246721.0
2023-11-27,1109140.0,319859.0
2023-11-28,1084771.0,341959.0
2023-11-29,1353913.0,326833.0
2023-11-30,1535825.0,246274.0
2023-12-01,953470.0,256072.0
2023-12-02,1115438.0,212997.0
2023-12-03,1232294.0,239196.0
2023-12-04,909200.0,301356.0
2023-12-05,855277.0,337757.0
2023-12-06,1350822.0,342498.0
2023-12-07,1940841.0,304117.0
2023-12-08,1815142.0,287565.0
2023-12-09,1887410.0,300437.0
2023-12-10,1230647.0,276097.0
2023-12-11,913824.0,334887.0
2023-12-12,1168320.0,316276.0
2023-12-13,1075911.0,254210.0
2023-12-14,1285845.0,287161.0
2023-12-15,1041660.0,295543.0
2023-12-16,1072650.0,284075.0
2023-12-17,1077918.0,246624.0
2023-12-18,1312448.0,303714.0
2023-12-19,1691084.0,270652.0
2023-12-20,1348218.0,247427.0
2023-12-21,990057.0,227317.0
2023-12-22,636458.0,177221.0
2023-12-23,1439150.0,215656.0
2023-12-24,1632976.0,239841.0
2023-12-25,1546018.0,260975.0
2023-12-26,1068914.0,244281.0
2023-12-27,1111179.0,262341.0
2023-12-28,1072409.0,309082.0
2023-12-29,1138700.0,312384.0
2023-12-30,1000726.0,322593.0
2023-12-31,1150353.0,305902.0
2024-01-01,719812.0,286726.0
2024-01-02,937171.0,294723.0
2024-01-03,604958.0,228952.0
2024-01-04,942786.0,279307.0
2024-01-05,993871.0,301186.0
2024-01-06,815871.0,249807.0
2024-01-07,1322028.0,264896.0
2024-01-08,1766610.0,237857.0
2024-01-09,1935968.0,258359.0
2024-01-10,1765414.0,339080.0
2024-01-11,1709853.0,279605.0
2024-01-12,1899379.0,267174.0
2024-01-13,1862857.0,270137.0
2024-01-14,1211221.0,295489.0
2024-01-15,1127337.0,258850.0
2024-01-16,1270900.0,313537.0
2024-01-17,1573764.0,321842.0
2024-01-18,1119876.0,319058.0
2024-01-19,1420248.0,306966.0
2024-01-20,1066364.0,319157.0
2024-01-21,1629002.0,252771.0
2024-01-22,983064.0,194165.0
2024-01-23,429119.0,168998.0
2024-01-24,336574.0,171243.0
2024-01-25,403965.0,272916.0
2024-01-26,622757.0,268109.0
2024-01-27,857167.0,308102.0
2024-01-28,798727.0,364084.0
2024-01-29,974836.0,443167.0
2024-01-30,782726.0,424183.0
2024-01-31,907915.0,334812.0
2024-02-01,1377878.0,327702.0
2024-02-02,1424786.0,327809.0
2024-02-03,1583569.0,381568.0
2024-02-04,1409537.0,276766.0
2024-02-05,859659.0,304130.0
2024-02-06,1016502.0,356124.0
2024-02-07,1846430.0,368122.0
2024-02-08,1947998.0,358722.0
2024-02-09,1548891.0,305338.0
2024-02-10,1097070.0,319186.0
2024-02-11,1200847.0,320025.0
2024-02-12,897192.0,406040.0
2024-02-13,733915.0,505282.0
2024-02-14,1223507.0,492006.0
2024-02-15,1292031.0,419864.0
2024-02-16,1524774.0,310237.0
2024-02-17,1651075.0,337064.0
2024-02-18,1237576.0,450537.0
2024-02-19,1245459.0,526680.0
2024-02-20,1261304.0,481446.0
2024-02-21,1395048.0,481934.0
2024-02-22,1474706.0,486971.0
2024-02-23,1317582.0,455892.0
2024-02-24,1399537.0,479806.0
2024-02-25,1477361.0,516971.0
2024-02-26,1886778.0,431913.0
2024-02-27,2106481.0,372472.0
2024-02-28,1631774.0,384120.0
2024-02-29,1570355.0,446360.0
2024-03-01,1749148.0,425754.0
2024-03-02,1787711.0,401200.0
2024-03-03,1992906.0,413961.0
2024-03-04,1674011.0,420900.0
2024-03-05,1248273.0,444634.0
2024-03-06,1221918.0,381797.0
2024-03-07,1286743.0,390234.0
2024-03-08,1561494.0,405408.0
2024-03-09,1335104.0,432398.0
2024-03-10,1205903.0,527384.0
2024-03-11,1789714.0,566366.0
2024-03-12,1702161.0,539670.0
2024-03-13,1537071.0,529498.0
2024-03-14,1503946.0,490448.0
2024-03-15,1508281.0,339661.0
2024-03-16,1323018.0,418922.0
2024-03-17,1458285.0,405211.0
2024-03-18,1168344.0,533010.0
2024-03-19,1548295.0,638429.0
2024-03-20,1449629.0,598092.0
2024-03-21,1125002.0,544180.0
2024-03-22,1217541.0,453985.0
2024-03-23,1314572.0,461740.0
2024-03-24,2088158.0,453686.0
2024-03-25,2069433.0,494184.0
2024-03-26,1610911.0,549764.0
2024-03-27,1160624.0,498304.0
2024-03-28,1224264.0,556829.0
2024-03-29,1812319.0,561523.0
2024-03-30,1361823.0,519715.0
2024-03-31,1405453.0,466657.0
2024-04-01,1579868.0,441426.0
2024-04-02,1844232.0,487123.0
2024-04-03,1605615.0,561340.0
2024-04-04,1226274.0,641754.0
2024-04-05,1764102.0,581812.0
2024-04-06,1945495.0,597442.0
2024-04-07,1748574.0,630125.0
2024-04-08,1376201.0,571543.0
2024-04-09,1392001.0,475840.0
2024-04-10,1239997.0,515965.0
2024-04-11,1324756.0,606531.0
2024-04-12,1717277.0,636320.0
2024-04-13,1820297.0,633297.0
2024-04-14,1482594.0,679686.0
2024-04-15,1841155.0,626062.0
2024-04-16,1805365.0,639086.0
2024-04-17,1523484.0,588660.0
2024-04-18,1622605.0,595366.0
2024-04-19,1413934.0,576609.0
2024-04-20,1520685.0,535387.0
2024-04-21,989942.0,596269.0
2024-04-22,1587745.0,715996.0
2024-04-23,1678676.0,712164.0
2024-04-24,1255592.0,643789.0
2024-04-25,1851923.0,594988.0
2024-04-26,1993087.0,575104.0
2024-04-27,1986862.0,523016.0
2024-04-28,1321906.0,624680.0
2024-04-29,1097244.0,721268.0
2024-04-30,1592628.0,671305.0
2024-05-01,1623983.0,648211.0
2024-05-02,1216494.0,695671.0
2024-05-03,1147163.0,647063.0
2024-05-04,1362125.0,523771.0
2024-05-05,1175266.0,535963.0
2024-05-06,1835784.0,600011.0
2024-05-07,1611506.0,666478.0
2024-05-08,1298712.0,696354.0
2024-05-09,1185756.0,637513.0
2024-05-10,915327.0,639907.0
2024-05-11,930382.0,665503.0
2024-05-12,1105422.0,633641.0
2024-05-13,996635.0,616548.0
2024-05-14,889033.0,662805.0
2024-05-15,1280724.0,647067.0
2024-05-16,918519.0,646031.0
2024-05-17,976202.0,645304.0
2024-05-18,1294265.0,680528.0
2024-05-19,1593923.0,654452.0
2024-05-20,1393800.0,730074.0
2024-05-21,1604526.0,736001.0
2024-05-22,1480142.0,715818.0
2024-05-23,1507831.0,699415.0
2024-05-24,1562524.0,690472.0
2024-05-25,1541574.0,711621.0
2024-05-26,1359772.0,709541.0
2024-05-27,999680.0,719330.0
2024-05-28,1355364.0,732121.0
2024-05-29,1136823.0,778989.0
2024-05-30,1363894.0,745212.0
2024-05-31,860586.0,769367.0
2024-06-01,893671.0,701876.0
2024-06-02,1439801.0,639238.0
2024-06-03,1340284.0,671971.0
2024-06-04,1435840.0,739757.0
2024-06-05,1189262.0,709479.0
2024-06-06,1322368.0,784797.0
2024-06-07,1379816.0,808065.0
2024-06-08,1334412.0,796901.0
2024-06-09,1282003.0,748941.0
2024-06-10,895969.0,736091.0
2024-06-11,790984.0,759603.0
2024-06-12,1147293.0,784925.0
2024-06-13,1270598.0,799393.0
2024-06-14,1068152.0,825480.0
2024-06-15,1548859.0,821179.0
2024-06-16,1840494.0,777705.0
2024-06-17,1977309.0,708704.0
2024-06-18,1995046.0,717225.0
2024-06-19,1173495.0,662748.0
2024-06-20,979869.0,732436.0
2024-06-21,1088744.0,798914.0
2024-06-22,1189034.0,777181.0
2024-06-23,995570.0,774430.0
2024-06-24,1315429.0,777541.0
2024-06-25,1292633.0,751611.0
2024-06-26,1065064.0,733077.0
2024-06-27,1258261.0,732175.0
2024-06-28,1539765.0,762438.0
2024-06-29,1466337.0,740929.0
2024-06-30,1296116.0,757724.0
2024-07-01,1430178.0,766936.0
2024-07-02,1464837.0,798813.0
2024-07-03,1119248.0,806691.0
2024-07-04,999323.0,787172.0
2024-07-05,943980.0,742720.0
2024-07-06,660504.0,780825.0
2024-07-07,851147.0,736625.0
2024-07-08,595472.0,680211.0
2024-07-09,340255.0,737677.0
2024-07-10,656756.0,730200.0
2024-07-11,716000.0,730287.0
2024-07-12,1068264.0,676291.0
2024-07-13,1124069.0,679113.0
2024-07-14,1160938.0,692772.0
2024-07-15,1222260.0,757784.0
2024-07-16,973373.0,775661.0
2024-07-17,790396.0,688853.0
2024-07-18,598082.0,671356.0
2024-07-19,716920.0,724795.0
2024-07-20,603552.0,692192.0
2024-07-21,428554.0,665848.0
2024-07-22,336777.0,607360.0
2024-07-23,303278.0,644059.0
2024-07-24,517604.0,651327.0
2024-07-25,807746.0,662270.0
2024-07-26,1025252.0,691888.0
2024-07-27,1182707.0,734777.0
2024-07-28,1466598.0,707449.0
2024-07-29,1289209.0,713865.0
2024-07-30,1438696.0,769289.0
2024-07-31,1367999.0,763788.0
2024-08-01,928741.0,743593.0
2024-08-02,691524.0,679917.0
2024-08-03,626348.0,732494.0
2024-08-04,690946.0,704496.0
2024-08-05,938569.0,683155.0
2024-08-06,974401.0,715190.0
2024-08-07,802820.0,710851.0
2024-08-08,1145133.0,680796.0
2024-08-09,1054695.0,709505.0
2024-08-10,719674.0,744622.0
2024-08-11,972867.0,746174.0
2024-08-12,955266.0,755552.0
2024-08-13,1090791.0,772985.0
2024-08-14,1280911.0,788839.0
2024-08-15,1059988.0,766332.0
2024-08-16,1016013.0,796170.0
2024-08-17,932670.0,753863.0
2024-08-18,981737.0,771461.0
2024-08-19,898338.0,783541.0
2024-08-20,961829.0,796754.0
2024-08-21,1151531.0,778501.0
2024-08-22,1258870.0,751669.0
2024-08-23,1283412.0,766487.0
2024-08-24,1306831.0,775321.0
2024-08-25,1139382.0,780673.0
2024-08-26,791038.0,734566.0
2024-08-27,711345.0,729881.0
2024-08-28,896308.0,701112.0
2024-08-29,1038319.0,698888.0
2024-08-30,651534.0,650813.0
2024-08-31,556329.0,664194.0
2024-09-01,800612.0,647695.0
2024-09-02,869678.0,618108.0
2024-09-03,919631.0,619084.0
2024-09-04,744498.0,613826.0
2024-09-05,714674.0,601071.0
2024-09-06,788359.0,606390.0
2024-09-07,775023.0,667671.0
2024-09-08,878898.0,703358.0
2024-09-09,1005533.0,729680.0
2024-09-10,956507.0,715677.0
2024-09-11,904339.0,633450.0
2024-09-12,1166725.0,647631.0
2024-09-13,1143640.0,656336.0
2024-09-14,1041541.0,637852.0
2024-09-15,1077362.0,627702.0
2024-09-16,1115815.0,598153.0
2024-09-17,1384711.0,628302.0
2024-09-18,1408185.0,667160.0
2024-09-19,1245801.0,685549.0
2024-09-20,1084659.0,690187.0
2024-09-21,1324709.0,692828.0
2024-09-22,1093270.0,610454.0
2024-09-23,574484.0,598658.0
2024-09-24,556773.0,619839.0
2024-09-25,559981.0,596445.0
2024-09-26,721333.0,614271.0
2024-09-27,770939.0,605619.0
2024-09-28,774544.0,654931.0
2024-09-29,801714.0,642135.0
2024-09-30,914439.0,622240.0
2024-10-01,1030622.0,620777.0
2024-10-02,1106746.0,674180.0
2024-10-03,1206838.0,658008.0
2024-10-04,1022330.0,612651.0
2024-10-05,1349984.0,636709.0
2024-10-06,1153790.0,624798.0
2024-10-07,621340.0,636995.0
2024-10-08,637174.0,655613.0
2024-10-09,886242.0,617066.0
2024-10-10,957828.0,653644.0
2024-10-11,1220779.0,654193.0
2024-10-12,1076389.0,672724.0
2024-10-13,1391751.0,659063.0
2024-10-14,969262.0,656703.0
2024-10-15,1296740.0,632912.0
2024-10-16,1327196.0,605270.0
2024-10-17,1784379.0,620111.0
2024-10-18,1839960.0,559005.0
2024-10-19,1412833.0,589639.0
2024-10-20,1525017.0,634185.0
2024-10-21,1681697.0,616004.0
2024-10-22,1204221.0,624948.0
2024-10-23,1059154.0,634101.0
2024-10-24,1520539.0,603276.0
2024-10-25,1122470.0,620347.0
2024-10-26,976413.0,601266.0
2024-10-27,1266688.0,523252.0
2024-10-28,1939935.0,468636.0
2024-10-29,2065492.0,462260.0
2024-10-30,1823411.0,474143.0
2024-10-31,1277794.0,490195.0
2024-11-01,1165415.0,453459.0
2024-11-02,1320086.0,330746.0
2024-11-03,1573175.0,332435.0
2024-11-04,1569479.0,408217.0
2024-11-05,1302205.0,433728.0
2024-11-06,1114057.0,434478.0
2024-11-07,1024660.0,392116.0
2024-11-08,1176880.0,417718.0
2024-11-09,1291349.0,511071.0
2024-11-10,918317.0,450627.0
2024-11-11,1044469.0,500151.0
2024-11-12,1738001.0,503447.0
2024-11-13,1523677.0,484748.0
2024-11-14,1107431.0,460724.0
2024-11-15,1412127.0,486492.0
2024-11-16,1839154.0,456934.0
2024-11-17,1254216.0,407641.0
2024-11-18,1786014.0,369339.0
2024-11-19,1681972.0,448623.0
2024-11-20,1452855.0,458896.0
2024-11-21,1176998.0,537132.0
2024-11-22,940099.0,519050.0
2024-11-23,1440802.0,465941.0
2024-11-24,1673172.0,459191.0
2024-11-25,1615390.0,370477.0
2024-11-26,1225789.0,386438.0
2024-11-27,1400612.0,352460.0
2024-11-28,1168816.0,344564.0
2024-11-29,1201804.0,407347.0
2024-11-30,1087968.0,469589.0
2024-12-01,649057.0,490999.0
2024-12-02,770408.0,489211.0
2024-12-03,1223236.0,449677.0
2024-12-04,1458592.0,408457.0
2024-12-05,1178877.0,416579.0
2024-12-06,1033347.0,461584.0
2024-12-07,1376319.0,408068.0
2024-12-08,1721169.0,368230.0
2024-12-09,1661933.0,355964.0
2024-12-10,1412422.0,335389.0
2024-12-11,1400719.0,362259.0
2024-12-12,1386709.0,403600.0
2024-12-13,1784123.0,369330.0
2024-12-14,1358595.0,362463.0
2024-12-15,1589549.0,334745.0
2024-12-16,1552276.0,334432.0
2024-12-17,1171975.0,372946.0
2024-12-18,1234959.0,365456.0
2024-12-19,1346662.0,432476.0
2024-12-20,1144962.0,451524.0
2024-12-21,1074490.0,505159.0
2024-12-22,1716433.0,407828.0
2024-12-23,1363192.0,392060.0
2024-12-24,772060.0,309214.0
2024-12-25,767722.0,303214.0
2024-12-26,911124.0,274342.0
2024-12-27,1234917.0,307080.0
2024-12-28,1250882.0,291428.0
2024-12-29,1119029.0,358275.0
2024-12-30,1696108.0,426025.0
2024-12-31,1599011.0,448048.0
2025-01-01,1212814.0,479915.0
2025-01-02,1028037.0,465632.0
2025-01-03,1195230.0,399700.0
2025-01-04,1515587.0,388143.0
2025-01-05,1558161.0,340747.0
2025-01-06,977583.0,414317.0
2025-01-07,869218.0,453751.0
2025-01-08,1070210.0,432498.0
2025-01-09,1309632.0,419439.0
2025-01-10,1461407.0,352627.0
2025-01-11,1730819.0,436338.0
2025-01-12,1707882.0,490122.0
2025-01-13,1231211.0,500364.0
2025-01-14,1055171.0,487892.0
2025-01-15,1064045.0,489903.0
2025-01-16,1335193.0,494622.0
2025-01-17,2132095.0,432885.0
2025-01-18,1936041.0,398486.0
2025-01-19,1385856.0,496365.0
2025-01-20,1387320.0,510497.0
2025-01-21,1426953.0,453877.0
2025-01-22,1672679.0,505625.0
2025-01-23,1253201.0,510574.0
2025-01-24,1647271.0,563766.0
2025-01-25,1850928.0,444766.0
2025-01-26,1132835.0,393086.0
2025-01-27,1461871.0,437234.0
2025-01-28,1164805.0,474265.0
2025-01-29,978909.0,449973.0
2025-01-30,1271515.0,478266.0
2025-01-31,1621499.0,469506.0
2025-02-01,1867881.0,536991.0
2025-02-02,1417951.0,531672.0
2025-02-03,1710885.0,525938.0
2025-02-04,1359211.0,503107.0
2025-02-05,1239917.0,421637.0
2025-02-06,1560036.0,498439.0
2025-02-07,1319072.0,509885.0
2025-02-08,1671663.0,470557.0
2025-02-09,941849.0,480995.0
2025-02-10,806644.0,445746.0
2025-02-11,1084247.0,336415.0
2025-02-12,1117638.0,325647.0
2025-02-13,1385840.0,350706.0
2025-02-14,1850318.0,510015.0
2025-02-15,1650113.0,395949.0
2025-02-16,1600327.0,553313.0
2025-02-17,1736616.0,666182.0
2025-02-18,1521360.0,521392.0
2025-02-19,1245426.0,448859.0
2025-02-20,975800.0,649504.0
2025-02-21,1011425.0,669478.0
2025-02-22,1238291.0,641123.0
2025-02-23,1281353.0,636555.0
2025-02-24,1468663.0,635917.0
2025-02-25,1253712.0,753007.0
2025-02-26,1701229.0,655377.0
2025-02-27,1518169.0,665615.0
2025-02-28,1551649.0,781978.0
2025-03-01,1261853.0,773159.0
2025-03-02,1671650.0,702818.0
2025-03-03,1915592.0,590792.0
2025-03-04,1961755.0,551378.0
2025-03-05,1675810.0,516356.0
2025-03-06,1826941.0,635595.0
2025-03-07,1513512.0,639685.0
2025-03-08,1552048.0,653632.0
2025-03-09,1187698.0,660988.0
2025-03-10,1477646.0,746755.0
2025-03-11,1713424.0,773264.0
2025-03-12,1286452.0,733596.0
2025-03-13,1492636.0,666623.0
2025-03-14,2011504.0,578669.0
2025-03-15,1958452.0,544360.0
2025-03-16,1394185.0,629202.0
2025-03-17,1933129.0,679615.0
2025-03-18,2048061.0,744450.0
2025-03-19,1931809.0,691251.0
2025-03-20,1470824.0,754953.0
2025-03-21,1924298.0,841443.0
2025-03-22,1794364.0,768438.0
2025-03-23,1848136.0,660672.0
2025-03-24,1493049.0,754320.0
2025-03-25,930115.0,866213.0
2025-03-26,1201540.0,804357.0
2025-03-27,1565052.0,711519.0
2025-03-28,1692241.0,640801.0
2025-03-29,1725700.0,612784.0
2025-03-30,1441880.0,582615.0
2025-03-31,1142153.0,695987.0
2025-04-01,1991976.0,657709.0
2025-04-02,1783871.0,599179.0
2025-04-03,1531002.0,592546.0
2025-04-04,1220506.0,596468.0
2025-04-05,1776004.0,545936.0
2025-04-06,1074578.0,682576.0
2025-04-07,1040707.0,793883.0
2025-04-08,1365847.0,945718.0
2025-04-09,1478634.0,909676.0
2025-04-10,1130020.0,902984.0
2025-04-11,1098990.0,883454.0
2025-04-12,1751192.0,816244.0
2025-04-13,1816013.0,847271.0
2025-04-14,1831748.0,857826.0
2025-04-15,1724483.0,850331.0
2025-04-16,1840567.0,935499.0
2025-04-17,2068737.0,868467.0
2025-04-18,1932172.0,780882.0
2025-04-19,1405880.0,718563.0
2025-04-20,1446517.0,828514.0
2025-04-21,1388093.0,911080.0
2025-04-22,1458637.0,891787.0
2025-04-23,1280934.0,867974.0
2025-04-24,1175783.0,815980.0
2025-04-25,1300755.0,741784.0
2025-04-26,1514868.0,787829.0
2025-04-27,1790033.0,834439.0
2025-04-28,2051278.0,873191.0
2025-04-29,1641347.0,813882.0
2025-04-30,1166236.0,842528.0
2025-05-01,1047620.0,835450.0
2025-05-02,1293437.0,814764.0
2025-05-03,851959.0,842109.0
2025-05-04,1370227.0,755356.0
2025-05-05,1344343.0,666100.0
2025-05-06,968631.0,760054.0
2025-05-07,759416.0,887078.0
2025-05-08,778984.0,918227.0
2025-05-09,702694.0,952775.0
2025-05-10,942941.0,958304.0
2025-05-11,1022859.0,895708.0
2025-05-12,1255825.0,852164.0
2025-05-13,1660695.0,862592.0
2025-05-14,1613321.0,890415.0
2025-05-15,1660692.0,918976.0
2025-05-16,1619808.0,892508.0
2025-05-17,1668632.0,833665.0
2025-05-18,1788491.0,814786.0
2025-05-19,1916119.0,894801.0
2025-05-20,1536265.0,951119.0
2025-05-21,1480145.0,909237.0
2025-05-22,1438317.0,972178.0
2025-05-23,1371872.0,1013365.0
2025-05-24,1387185.0,934332.0
2025-05-25,1379384.0,843053.0
2025-05-26,1256921.0,817055.0
2025-05-27,984838.0,806567.0
2025-05-28,668971.0,763299.0
2025-05-29,782359.0,813771.0
2025-05-30,802347.0,864759.0
2025-05-31,804756.0,994011.0
2025-06-01,854073.0,923278.0
2025-06-02,1536930.0,965302.0
2025-06-03,1665286.0,928180.0
2025-06-04,910764.0,846228.0
2025-06-05,758426.0,819027.0
2025-06-06,678970.0,962310.0
2025-06-07,902799.0,994575.0
2025-06-08,1255074.0,968090.0
2025-06-09,1138324.0,992323.0
2025-06-10,916649.0,894325.0
2025-06-11,1138878.0,937377.0
2025-06-12,1084029.0,908954.0
2025-06-13,1147559.0,949392.0
2025-06-14,1129766.0,879338.0
2025-06-15,964178.0,881838.0
2025-06-16,921578.0,966650.0
2025-06-17,1206130.0,959679.0
2025-06-18,1063852.0,986430.0
2025-06-19,1247352.0,1012945.0
2025-06-20,2065324.0,1005492.0
2025-06-21,2202058.0,1007706.0
2025-06-22,2119734.0,995853.0
2025-06-23,1629299.0,1039362.0
2025-06-24,1113661.0,1015838.0
2025-06-25,1216179.0,978109.0
2025-06-26,1065200.0,981475.0
2025-06-27,994879.0,969602.0
2025-06-28,1217475.0,1041959.0
2025-06-29,1029294.0,970846.0
2025-06-30,809040.0,919741.0
2025-07-01,622348.0,900042.0
2025-07-02,857739.0,874609.0
2025-07-03,1121298.0,865349.0
2025-07-04,1336366.0,959199.0
2025-07-05,1009295.0,998539.0
2025-07-06,737494.0,944783.0
2025-07-07,575246.0,946646.0
2025-07-08,582727.0,947347.0
2025-07-09,818265.0,911090.0
2025-07-10,1251820.0,1025624.0
2025-07-11,1362026.0,1007757.0
2025-07-12,926324.0,920688.0
2025-07-13,574473.0,921140.0
2025-07-14,738812.0,933012.0
2025-07-15,1257731.0,959627.0
2025-07-16,1264672.0,918075.0
2025-07-17,980267.0,918697.0
2025-07-18,1040272.0,960072.0
2025-07-19,1441664.0,961740.0
2025-07-20,1397400.0,952204.0
2025-07-21,1362645.0,984971.0
2025-07-22,1439320.0,1007092.0
2025-07-23,1435061.0,1040612.0
2025-07-24,1168865.0,1046091.0
2025-07-25,749451.0,951521.0
2025-07-26,957249.0,989287.0
2025-07-27,1316376.0,1001332.0
2025-07-28,1180084.0,1064164.0
2025-07-29,922349.0,1042223.0
2025-07-30,787923.0,1017823.0
2025-07-31,894415.0,928010.0
2025-08-01,810257.0,930502.0
2025-08-02,807244.0,950063.0
2025-08-03,962425.0,984148.0
2025-08-04,867547.0,931857.0
2025-08-05,1264133.0,960900.0
2025-08-06,1343489.0,969785.0
2025-08-07,1372946.0,968061.0
2025-08-08,1630470.0,1013203.0
2025-08-09,1403869.0,1001908.0
2025-08-10,1078139.0,941382.0
2025-08-11,719838.0,952229.0
2025-08-12,559051.0,950893.0
2025-08-13,789441.0,938107.0
2025-08-14,1322244.0,957615.0
2025-08-15,1332228.0,961632.0
2025-08-16,1293205.0,946910.0
2025-08-17,1199628.0,954428.0
2025-08-18,853700.0,965649.0
2025-08-19,512387.0,877510.0
2025-08-20,614863.0,880155.0
2025-08-21,546961.0,839277.0
2025-08-22,505056.0,861968.0
2025-08-23,764515.0,818235.0
2025-08-24,780058.0,895610.0
2025-08-25,738483.0,882982.0
2025-08-26,583153.0,855619.0
2025-08-27,775867.0,935721.0
2025-08-28,802533.0,835826.0
2025-08-29,512371.0,866507.0
2025-08-30,483771.0,889166.0
2025-08-31,471824.0,895451.0
2025-09-01,400408.0,950193.0
2025-09-02,423953.0,878723.0
2025-09-03,703759.0,929959.0
2025-09-04,1008793.0,913635.0
2025-09-05,1408796.0,804898.0
2025-09-06,608556.0,751617.0
2025-09-07,689618.0,809722.0
2025-09-08,1239027.0,969172.0
2025-09-09,1067807.0,952385.0
2025-09-10,998786.0,941348.0
2025-09-11,1222082.0,927162.0
2025-09-12,1375032.0,936640.0
2025-09-13,1252128.0,896432.0
2025-09-14,1205520.0,892002.0
2025-09-15,987175.0,924548.0
2025-09-16,867866.0,897360.0
2025-09-17,709613.0,792223.0
2025-09-18,577923.0,710475.0
2025-09-19,588651.0,816981.0
2025-09-20,744767.0,859152.0
2025-09-21,933699.0,769657.0
2025-09-22,920912.0,764540.0
2025-09-23,881574.0,788803.0
2025-09-24,693112.0,663524.0
2025-09-25,497484.0,790716.0
2025-09-26,820927.0,829170.0
2025-09-27,839645.0,800487.0
2025-09-28,804224.0,842778.0
2025-09-29,722400.0,755011.0
2025-09-30,872967.0,779569.0
2025-10-01,1166844.0,887726.0
2025-10-02,967484.0,878218.0
2025-10-03,1271300.0,871737.0
2025-10-04,1750832.0,826810.0
2025-10-05,1666984.0,814478.0
2025-10-06,989473.0,730592.0
2025-10-07,689403.0,691043.0
2025-10-08,779512.0,784602.0
2025-10-09,921862.0,773765.0
2025-10-10,896985.0,672891.0
2025-10-11,1475064.0,704539.0
2025-10-12,1436601.0,725915.0
2025-10-13,1075812.0,683808.0
2025-10-14,998575.0,721693.0
2025-10-15,995348.0,754165.0
2025-10-16,1596104.0,796474.0
2025-10-17,1600691.0,789469.0
2025-10-18,1413139.0,708301.0
2025-10-19,1604500.0,720718.0
2025-10-20,1992869.0,808459.0
2025-10-21,1477993.0,768493.0
2025-10-22,1280621.0,729479.0
2025-10-23,1152115.0,713733.0
2025-10-24,1099673.0,646143.0
2025-10-25,891396.0,558950.0
2025-10-26,1126372.0,581787.0
2025-10-27,1299404.0,604665.0
2025-10-28,1644506.0,518450.0
2025-10-29,1723296.0,555494.0
2025-10-30,830373.0,725944.0
2025-10-31,1097854.0,780290.0
2025-11-01,1017131.0,644523.0
2025-11-02,1471947.0,734517.0
2025-11-03,1447763.0,728631.0
2025-11-04,1685642.0,712412.0
2025-11-05,1579373.0,695074.0
2025-11-06,1546992.0,687554.0
2025-11-07,1641733.0,699803.0
2025-11-08,1553526.0,629721.0
2025-11-09,1254068.0,639815.0
2025-11-10,1625069.0,531835.0
2025-11-11,1268125.0,694250.0
2025-11-12,1829326.0,573163.0
2025-11-13,1232792.0,600867.0
2025-11-14,1402540.0,628689.0
2025-11-15,1550773.0,553558.0
2025-11-16,1653753.0,469919.0
2025-11-17,1167765.0,569247.0
2025-11-18,1671212.0,530551.0
2025-11-19,885725.0,453845.0
2025-11-20,701976.0,413983.0
2025-11-21,799554.0,343128.0
2025-11-22,969873.0,348222.0
2025-11-23,894130.0,480015.0
2025-11-24,1209890.0,509807.0
2025-11-25,1078555.0,469388.0
2025-11-26,1238543.0,501370.0
2025-11-27,1458100.0,519218.0
2025-11-28,1109468.0,525894.0
2025-11-29,1657901.0,496680.0
2025-11-30,1784761.0,426036.0
2025-12-01,1309166.0,345691.0
2025-12-02,659358.0,404762.0
2025-12-03,1277261.0,390722.0
2025-12-04,1440472.0,404758.0
2025-12-05,998504.0,320492.0
2025-12-06,1093119.0,274701.0
2025-12-07,1227755.0,429473.0
2025-12-08,1262626.0,380760.0
2025-12-09,1288957.0,484301.0
2025-12-10,1863549.0,507893.0
2025-12-11,1371220.0,541798.0
2025-12-12,1245836.0,518837.0
2025-12-13,1246524.0,456417.0
2025-12-14,1361071.0,434044.0
2025-12-15,1539081.0,555876.0
2025-12-16,1769720.0,521427.0
2025-12-17,1623168.0,446656.0
2025-12-18,1993234.0,372960.0
2025-12-19,1972520.0,540867.0
2025-12-20,1966498.0,540199.0
2025-12-21,1894509.0,505016.0
2025-12-22,1372912.0,488005.0
2025-12-23,1720731.0,459163.0
2025-12-24,1405139.0,368051.0
2025-12-25,1500507.0,366744.0
2025-12-26,1654506.0,392694.0
2025-12-27,1345272.0,377467.0
2025-12-28,1685208.0,397244.0
2025-12-29,1913700.0,402124.0
2025-12-30,1682770.0,405451.0
2025-12-31,1284077.0,508588.0
2026-01-01,953590.0,424932.0
2026-01-02,1039620.0,433473.0
2026-01-03,722243.0,405015.0
2026-01-04,1552664.0,463150.0
2026-01-05,1532472.0,486616.0
2026-01-06,1284704.0,482593.0
2026-01-07,1315910.0,462788.0
2026-01-08,1826371.0,408130.0
2026-01-09,1425641.0,483499.0
2026-01-10,1513052.0,488573.0
2026-01-11,1312042.0,587293.0
2026-01-12,1276516.0,630378.0
2026-01-13,1570865.0,549699.0
2026-01-14,1649429.0,484142.0
2026-01-15,1408016.0,668975.0
2026-01-16,1966551.0,576113.0
2026-01-17,1812230.0,525918.0
2026-01-18,1540753.0,577700.0
2026-01-19,1600596.0,656462.0
2026-01-20,1108393.0,612060.0
2026-01-21,1540837.0,456523.0
2026-01-22,1367483.0,471062.0
2026-01-23,1468101.0,370187.0
2026-01-24,935391.0,316784.0
2026-01-25,987907.0,392134.0
2026-01-26,1386399.0,631616.0
2026-01-27,1337070.0,686477.0
2026-01-28,1006225.0,692724.0
2026-01-29,1195284.0,658051.0
2026-01-30,1034026.0,663789.0
2026-01-31,1157780.0,668548.0
2026-02-01,1292735.0,765667.0
2026-02-02,1331777.0,613315.0
2026-02-03,988183.0,614065.0
2026-02-04,868466.0,641488.0
2026-02-05,1351976.0,631755.0
2026-02-06,1347497.0,764136.0
2026-02-07,1459603.0,825366.0
2026-02-08,1259109.0,734970.0
2026-02-09,1458726.0,725922.0
2026-02-10,1680957.0,520217.0
2026-02-11,960358.0,621925.0
2026-02-12,965837.0,760296.0
2026-02-13,1068530.0,729092.0
2026-02-14,1208594.0,571487.0
2026-02-15,1082387.0,602275.0
2026-02-16,1669897.0,628078.0
2026-02-17,2043922.0,608327.0
2026-02-18,1862031.0,612781.0
2026-02-19,1713512.0,568854.0
2026-02-20,1402079.0,655891.0
2026-02-21,1397035.0,674001.0
2026-02-22,1429829.0,754624.0
2026-02-23,1462445.0,857660.0
2026-02-24,1990124.0,701749.0
2026-02-25,1475588.0,720868.0
2026-02-26,1249398.0,743668.0
2026-02-27,1560721.0,808279.0
2026-02-28,1520279.0,820083.0
2026-03-01,1378095.0,833512.0
2026-03-02,1170319.0,764972.0
2026-03-03,1168801.0,673020.0
2026-03-04,939760.0,661609.0
2026-03-05,1520174.0,606449.0
2026-03-06,1926729.0,678850.0
2026-03-07,1944421.0,601396.0
2026-03-08,1656502.0,693808.0
2026-03-09,1860749.0,796484.0
2026-03-10,1944545.0,700952.0
2026-03-11,1970193.0,662957.0
2026-03-12,1754268.0,880655.0
2026-03-13,1753289.0,950063.0
2026-03-14,1800430.0,879428.0
2026-03-15,2130464.0,687867.0
2026-03-16,1853197.0,714181.0
2026-03-17,1751363.0,957867.0
2026-03-18,1290593.0,1009782.0
2026-03-19,1206449.0,1055439.0
2026-03-20,1323323.0,1076724.0
2026-03-21,1412863.0,1082863.0
2026-03-22,2026069.0,958290.0
2026-03-23,1366134.0,1009714.0
2026-03-24,1236741.0,1029138.0
2026-03-25,1776838.0,966120.0
2026-03-26,2175346.0,951175.0
2026-03-27,1899358.0,808458.0
2026-03-28,1424853.0,996807.0
2026-03-29,1856103.0,901224.0
2026-03-30,2020524.0,855700.0
2026-03-31,2070615.0,731006.0
2026-04-01,1800246.0,783917.0
2026-04-02,1901108.0,811031.0
2026-04-03,1890118.0,781991.0
2026-04-04,1823095.0,718089.0
2026-04-05,1264086.0,874623.0
2026-04-06,1403391.0,1024375.0
2026-04-07,1694707.0,1011849.0
2026-04-08,1796537.0,1071640.0
2026-04-09,1629799.0,990406.0
2026-04-10,1302242.0,923173.0
2026-04-11,1728162.0,916080.0
2026-04-12,1986546.0,778672.0
2026-04-13,2103301.0,822404.0
2026-04-14,1851010.0,879313.0
2026-04-15,1477278.0,910573.0
2026-04-16,1731237.0,1000954.0
2026-04-17,2027422.0,1009585.0
2026-04-18,1739785.0,821565.0
2026-04-19,1305829.0,938005.0
2026-04-20,1347918.0,1021509.0
2026-04-21,1509924.0,980700.0
2026-04-22,1913609.0,905103.0
2026-04-23,2050062.0,968619.0
2026-04-24,1310943.0,990391.0
2026-04-25,1272400.0,920481.0
2026-04-26,1337380.0,867981.0
2026-04-27,1747896.0,903130.0
2026-04-28,1449408.0,871952.0
2026-04-29,1072991.0,813877.0
2026-04-30,853563.0,830129.0
2026-05-01,812532.0,814663.0
2026-05-02,655136.0,1105452.0
2026-05-03,1667183.0,1083726.0
2026-05-04,2027654.0,1038975.0
2026-05-05,1605082.0,841150.0
2026-05-06,1030605.0,866688.0
2026-05-07,1007235.0,1019566.0
2026-05-08,1236181.0,1003749.0
2026-05-09,1305916.0,1056680.0
2026-05-10,1244873.0,1026607.0
2026-05-11,1000380.0,1173102.0
2026-05-12,1512621.0,1214075.0
2026-05-13,1532400.0,1208132.0
2026-05-14,1892868.0,1227805.0
2026-05-15,1985868.0,1137052.0
2026-05-16,1888554.0,1063901.0
2026-05-17,2138154.0,962252.0
2026-05-18,1942787.0,961727.0
2026-05-19,1665180.0,1033862.0
2026-05-20,967076.0,1008490.0
2026-05-21,1027256.0,963999.0
2026-05-22,1250498.0,982840.0
2026-05-23,868740.0,929871.0
2026-05-24,971006.0,1047472.0
2026-05-25,1158190.0,1078458.0
2026-05-26,1193848.0,968270.0
2026-05-27,717042.0,965810.0
2026-05-28,868787.0,1151083.0
2026-05-29,1241946.0,1124276.0
2026-05-30,1785189.0,1078425.0
2026-05-31,1321003.0,1181523.0
2026-06-01,1005958.0,1189292.0
2026-06-02,1207906.0,1173044.0
2026-06-03,1056223.0,1200439.0
2026-06-04,1022391.0,1234315.0
2026-06-05,987684.0,1087316.0
2026-06-06,1072320.0,1101750.0
2026-06-07,1513090.0,1027722.0
2026-06-08,1514557.0,1050662.0
2026-06-09,1752240.0,1077148.0
2026-06-10,2041519.0,1159793.0
2026-06-11,1764289.0,1172512.0
2026-06-12,1388674.0,1200304.0
2026-06-13,1591720.0,1233429.0
2026-06-14,1218268.0,1060184.0
2026-06-15,708899.0,1110111.0
2026-06-16,1275146.0,1150129.0
2026-06-17,1853833.0,1144887.0
2026-06-18,1552358.0,1148738.0
2026-06-19,1120856.0,1087845.0
2026-06-20,1169632.0,1180650.0
2026-06-21,1414464.0,1134149.0
2026-06-22,1096376.0,1161170.0
2026-06-23,1080786.0,1184996.0
2026-06-24,1076141.0,1175084.0
2026-06-25,1227854.0,1149193.0
2026-06-26,1257083.0,1028437.0
2026-06-27,1745165.0,1037883.0
2026-06-28,2047296.0,1115605.0
2026-06-29,2155768.0,1234705.0
2026-06-30,1986671.0,1259068.0
2026-07-01,1693256.0,1294584.0
2026-07-02,1422497.0,1272794.0
2026-07-03,1318977.0,1316394.0
2026-07-04,960639.0,1185488.0
2026-07-05,684421.0,1140135.0
2026-07-06,645356.0,1200457.0
2026-07-07,799004.0,1249959.0
2026-07-08,1158552.0,1227422.0
2026-07-09,1155287.0,1255726.0
2026-07-10,1023667.0,1232279.0
2026-07-11,856488.0,1149463.0
2026-07-12,892789.0,1070885.0
2026-07-13,795307.0,985125.0
2026-07-14,835742.0,1087262.0
2026-07-15,817474.0,1087355.0
2026-07-16,916493.0,1018744.0
2026-07-17,1178316.0,1092091.0
2026-07-18,1259720.0,1171276.0
2026-07-19,837027.0,1170938.0
2026-07-20,996136.0,1189116.0
2026-07-21,1230943.0,1162670.0
2026-07-22,839321.0,1203720.0
2026-07-23,930192.0,1218456.0
2026-07-24,1059997.0,1136198.0
2026-07-25,1053195.0,1133883.0
2026-07-26,1183408.0,1161592.0
2026-07-27,1294151.0,1196753.0
2026-07-28,1073622.0,1152066.0
2026-07-29,980952.0,1219119.0
2026-07-30,1155943.0,1284108.0
2026-07-31,1348419.0,1188644.0
2026-08-01,1235588.0,1045124.0
2026-08-02,908208.0,1095894.0
2026-08-03,1422199.0,1238167.0
2026-08-04,1249622.0,1194155.0
